,time,temperature,moisture,motor_s
0,2/19/2020,30,1024.0,1
1,2/19/2020,30,1024.0,1
2,2/19/2020,30,1024.0,1
3,2/19/2020,30,1024.0,1
4,2/19/2020,30,1024.0,1
5,2/19/2020,30,1024.0,1
6,2/19/2020,30,1024.0,1
7,2/19/2020,30,1024.0,1
8,2/19/2020,30,1024.0,1
9,2/19/2020,30,1024.0,1
10,2/19/2020,30,1024.0,1
11,2/19/2020,30,1024.0,1
12,2/19/2020,30,1024.0,1
13,2/19/2020,30,1024.0,1
14,2/19/2020,31,1024.0,1
15,2/19/2020,30,1024.0,1
16,2/19/2020,31,1024.0,1
17,2/19/2020,31,1024.0,1
18,2/19/2020,31,1024.0,1
19,2/19/2020,31,1024.0,1
20,2/19/2020,31,1024.0,1
21,2/19/2020,31,1024.0,1
22,2/19/2020,31,1024.0,1
23,2/19/2020,31,1024.0,1
24,2/19/2020,31,1024.0,1
25,2/19/2020,31,1024.0,1
26,2/19/2020,31,1024.0,1
27,2/19/2020,31,1024.0,1
28,2/19/2020,31,1024.0,1
29,2/19/2020,31,1024.0,1
30,2/19/2020,31,1024.0,1
31,2/19/2020,31,1024.0,1
32,2/19/2020,31,1024.0,1
33,2/19/2020,31,1024.0,1
34,2/19/2020,30,90.0,0
35,2/19/2020,31,1024.0,1
36,2/19/2020,31,1024.0,1
37,2/19/2020,31,1024.0,1
38,2/19/2020,31,1024.0,1
39,2/19/2020,31,1024.0,1
40,2/19/2020,31,1024.0,1
41,2/19/2020,31,1024.0,1
42,2/19/2020,31,1024.0,1
43,2/19/2020,31,1024.0,1
44,2/19/2020,31,1024.0,1
45,2/19/2020,31,1024.0,1
46,2/19/2020,31,1024.0,1
47,2/19/2020,31,1024.0,1
48,2/19/2020,31,1024.0,1
49,2/19/2020,31,1024.0,1
50,2/19/2020,31,1024.0,1
51,2/19/2020,30,1024.0,1
52,2/19/2020,30,1024.0,1
53,2/19/2020,30,1024.0,1
54,2/19/2020,30,1024.0,1
55,2/19/2020,30,1024.0,1
56,2/19/2020,30,1024.0,1
57,2/19/2020,30,1024.0,1
58,2/19/2020,30,1024.0,1
59,2/19/2020,30,1024.0,1
60,2/19/2020,30,1024.0,1
61,2/19/2020,30,1024.0,1
62,2/19/2020,30,1024.0,1
63,2/19/2020,30,1024.0,1
64,2/19/2020,30,1024.0,1
65,2/19/2020,30,1024.0,1
66,2/19/2020,30,1024.0,1
67,2/19/2020,30,1024.0,1
68,2/19/2020,30,1024.0,1
69,2/19/2020,29,1024.0,1
70,2/19/2020,29,1024.0,1
71,2/19/2020,29,1024.0,1
72,2/19/2020,29,1024.0,1
73,2/19/2020,29,1024.0,1
74,2/19/2020,29,1024.0,1
75,2/19/2020,29,,1
76,2/19/2020,29,,1
77,2/19/2020,29,,1
78,2/19/2020,29,,1
79,2/19/2020,29,,1
80,2/19/2020,29,,1
81,2/19/2020,29,,1
82,2/19/2020,29,,1
83,2/19/2020,29,,1
84,2/19/2020,29,,1
85,2/19/2020,29,,1
86,2/19/2020,29,,1
87,2/19/2020,29,,1
88,2/19/2020,29,,1
89,2/19/2020,29,,1
90,2/19/2020,29,,1
91,2/19/2020,29,,1
92,2/19/2020,29,,1
93,2/19/2020,29,,1
94,2/19/2020,29,,1
95,2/19/2020,29,,1
96,2/19/2020,29,,1
97,2/19/2020,29,,1
98,2/19/2020,29,,1
99,2/19/2020,29,,1
100,2/19/2020,29,,1
101,2/19/2020,29,,1
102,2/19/2020,29,,1
103,2/19/2020,29,,1
104,2/19/2020,29,,1
105,2/19/2020,29,,1
106,2/19/2020,29,,1
107,2/19/2020,29,,1
108,2/19/2020,29,,1
109,2/19/2020,29,,1
110,2/19/2020,29,,1
111,2/19/2020,29,,1
112,2/19/2020,29,,1
113,2/19/2020,29,,1
114,2/19/2020,29,,1
115,2/19/2020,29,,1
116,2/19/2020,29,,1
117,2/19/2020,29,,1
118,2/19/2020,29,,1
119,2/19/2020,29,,1
120,2/19/2020,29,,1
121,2/19/2020,29,,1
122,2/19/2020,29,,1
123,2/19/2020,29,,1
124,2/19/2020,29,,1
125,2/19/2020,29,,1
126,2/19/2020,29,,1
127,2/19/2020,29,,1
128,2/19/2020,29,,1
129,2/19/2020,29,,1
130,2/19/2020,29,,1
131,2/19/2020,30,90.0,0
132,2/19/2020,29,,1
133,2/19/2020,29,,1
134,2/19/2020,29,,1
135,2/19/2020,29,,1
136,2/19/2020,29,,1
137,2/19/2020,29,,1
138,2/19/2020,29,,1
139,2/19/2020,29,,1
140,2/19/2020,29,,1
141,2/19/2020,2147483647,,1
142,2/19/2020,29,,1
143,2/19/2020,29,,1
144,2/19/2020,29,,1
145,2/19/2020,29,,1
146,2/19/2020,29,,1
147,2/19/2020,29,,1
148,2/19/2020,29,,1
149,2/19/2020,29,,1
150,2/19/2020,29,,1
151,2/19/2020,29,,1
152,2/19/2020,29,,1
153,2/19/2020,29,,1
154,2/19/2020,29,,1
155,2/19/2020,29,,1
156,2/19/2020,29,,1
157,2/19/2020,29,,1
158,2/19/2020,29,,1
159,2/19/2020,29,,1
160,2/19/2020,29,,1
161,2/19/2020,28,,1
162,2/19/2020,29,,1
163,2/19/2020,28,1024.0,1
164,2/19/2020,28,1024.0,1
165,2/19/2020,29,1024.0,1
166,2/19/2020,29,1024.0,1
167,2/19/2020,29,1024.0,1
168,2/19/2020,28,1024.0,1
169,2/19/2020,29,1024.0,1
170,2/19/2020,29,1024.0,1
171,2/19/2020,29,1024.0,1
172,2/19/2020,29,1024.0,1
173,2/19/2020,29,1024.0,1
174,2/19/2020,29,1024.0,1
175,2/19/2020,29,1024.0,1
176,2/19/2020,30,90.0,0
177,2/19/2020,29,1024.0,1
178,2/19/2020,29,1024.0,1
179,2/19/2020,29,1024.0,1
180,2/19/2020,29,1024.0,1
181,2/19/2020,29,1024.0,1
182,2/19/2020,29,1024.0,1
183,2/19/2020,29,1024.0,1
184,2/19/2020,29,1024.0,1
185,2/19/2020,29,1024.0,1
186,2/19/2020,29,1024.0,1
187,2/19/2020,29,1024.0,1
188,2/19/2020,29,1024.0,1
189,2/19/2020,29,1024.0,1
190,2/19/2020,29,1024.0,1
191,2/19/2020,29,1024.0,1
192,2/19/2020,29,1024.0,1
193,2/19/2020,29,1024.0,1
194,2/19/2020,29,1024.0,1
195,2/19/2020,29,1024.0,1
196,2/19/2020,29,1024.0,1
197,2/19/2020,29,1024.0,1
198,2/19/2020,29,1024.0,1
199,2/19/2020,29,1024.0,1
200,2/19/2020,29,1024.0,1
201,2/19/2020,29,1024.0,1
202,2/19/2020,29,1024.0,1
203,2/19/2020,29,1024.0,1
204,2/19/2020,29,1024.0,1
205,2/19/2020,29,1024.0,1
206,2/19/2020,29,1024.0,1
207,2/19/2020,29,1024.0,1
208,2/19/2020,29,1024.0,1
209,2/19/2020,29,1024.0,1
210,2/19/2020,29,1024.0,1
211,2/19/2020,29,1024.0,1
212,2/19/2020,29,1024.0,1
213,2/19/2020,29,1024.0,1
214,2/19/2020,29,1024.0,1
215,2/19/2020,29,1024.0,1
216,2/19/2020,29,1024.0,1
217,2/19/2020,29,1024.0,1
218,2/19/2020,29,1024.0,1
219,2/19/2020,29,1024.0,1
220,2/19/2020,29,1024.0,1
221,2/19/2020,29,1024.0,1
222,2/19/2020,29,1024.0,1
223,2/19/2020,29,1024.0,1
224,2/19/2020,29,1024.0,1
225,2/19/2020,29,1024.0,1
226,2/19/2020,29,1024.0,1
227,2/19/2020,29,1024.0,1
228,2/19/2020,29,1024.0,1
229,2/19/2020,29,1024.0,1
230,2/19/2020,29,1024.0,1
231,2/19/2020,29,1024.0,1
232,2/19/2020,29,1024.0,1
233,2/19/2020,29,1024.0,1
234,2/19/2020,29,1024.0,1
235,2/19/2020,29,1024.0,1
236,2/19/2020,29,1024.0,1
237,2/19/2020,29,1024.0,1
238,2/19/2020,29,1024.0,1
239,2/19/2020,29,1024.0,1
240,2/19/2020,29,1024.0,1
241,2/19/2020,29,1024.0,1
242,2/19/2020,29,1024.0,1
243,2/19/2020,29,1024.0,1
244,2/19/2020,29,1024.0,1
245,2/19/2020,29,1024.0,1
246,2/19/2020,29,1024.0,1
247,2/19/2020,29,1024.0,1
248,2/19/2020,29,1024.0,1
249,2/19/2020,29,1024.0,1
250,2/19/2020,29,1024.0,1
251,2/19/2020,29,1024.0,1
252,2/19/2020,29,1024.0,1
253,2/19/2020,29,1024.0,1
254,2/19/2020,29,1024.0,1
255,2/19/2020,29,1024.0,1
256,2/19/2020,29,1024.0,1
257,2/19/2020,29,1024.0,1
258,2/19/2020,29,1024.0,1
259,2/19/2020,29,1024.0,1
260,2/19/2020,29,1024.0,1
261,2/19/2020,29,1024.0,1
262,2/19/2020,29,1024.0,1
263,2/19/2020,29,1024.0,1
264,2/19/2020,29,1024.0,1
265,2/19/2020,29,1024.0,1
266,2/19/2020,29,1024.0,1
267,2/19/2020,29,1024.0,1
268,2/19/2020,29,1024.0,1
269,2/19/2020,29,1024.0,1
270,2/19/2020,29,1024.0,1
271,2/19/2020,29,1024.0,1
272,2/19/2020,29,1024.0,1
273,2/19/2020,29,1024.0,1
274,2/19/2020,29,1024.0,1
275,2/19/2020,29,1024.0,1
276,2/19/2020,29,1024.0,1
277,2/19/2020,29,1024.0,1
278,2/19/2020,29,1024.0,1
279,2/19/2020,29,1024.0,1
280,2/19/2020,29,1024.0,1
281,2/19/2020,29,1024.0,1
282,2/19/2020,29,1024.0,1
283,2/19/2020,29,1024.0,1
284,2/19/2020,29,1024.0,1
285,2/19/2020,29,1024.0,1
286,2/19/2020,29,1024.0,1
287,2/19/2020,29,1024.0,1
288,2/19/2020,29,1024.0,1
289,2/19/2020,29,1024.0,1
290,2/19/2020,29,1024.0,1
291,2/19/2020,29,1024.0,1
292,2/19/2020,29,1024.0,1
293,2/19/2020,29,1024.0,1
294,2/19/2020,29,1024.0,1
295,2/19/2020,29,1024.0,1
296,2/19/2020,29,1024.0,1
297,2/19/2020,29,1024.0,1
298,2/19/2020,29,1024.0,1
299,2/19/2020,29,1024.0,1
300,2/19/2020,29,1024.0,1
301,2/19/2020,29,1024.0,1
302,2/19/2020,29,1024.0,1
303,2/19/2020,29,1024.0,1
304,2/19/2020,29,1024.0,1
305,2/19/2020,29,1024.0,1
306,2/19/2020,29,1024.0,1
307,2/19/2020,29,1024.0,1
308,2/19/2020,29,1024.0,1
309,2/19/2020,29,1024.0,1
310,2/19/2020,29,1024.0,1
311,2/19/2020,29,1024.0,1
312,2/19/2020,29,1024.0,1
313,2/19/2020,29,1024.0,1
314,2/19/2020,29,1024.0,1
315,2/19/2020,29,1024.0,1
316,2/19/2020,29,1024.0,1
317,2/19/2020,29,1024.0,1
318,2/19/2020,29,1024.0,1
319,2/19/2020,29,1024.0,1
320,2/19/2020,29,1024.0,1
321,2/19/2020,29,1024.0,1
322,2/19/2020,29,1024.0,1
323,2/19/2020,29,1024.0,1
324,2/19/2020,29,1024.0,1
325,2/19/2020,29,1024.0,1
326,2/19/2020,29,1024.0,1
327,2/19/2020,29,1024.0,1
328,2/19/2020,29,1024.0,1
329,2/19/2020,29,1024.0,1
330,2/19/2020,29,1024.0,1
331,2/19/2020,29,1024.0,1
332,2/19/2020,29,1024.0,1
333,2/19/2020,29,1024.0,1
334,2/19/2020,29,1024.0,1
335,2/19/2020,29,1024.0,1
336,2/19/2020,29,1024.0,1
337,2/19/2020,29,1024.0,1
338,2/19/2020,29,1024.0,1
339,2/19/2020,29,1024.0,1
340,2/19/2020,29,1024.0,1
341,2/19/2020,29,1024.0,1
342,2/19/2020,29,1024.0,1
343,2/19/2020,29,1024.0,1
344,2/19/2020,29,1024.0,1
345,2/19/2020,29,1024.0,1
346,2/19/2020,29,1024.0,1
347,2/19/2020,29,1024.0,1
348,2/19/2020,29,1024.0,1
349,2/19/2020,29,1024.0,1
350,2/19/2020,29,1024.0,1
351,2/19/2020,29,1024.0,1
352,2/19/2020,29,1024.0,1
353,2/19/2020,29,1024.0,1
354,2/19/2020,29,1024.0,1
355,2/19/2020,29,1024.0,1
356,2/19/2020,29,1024.0,1
357,2/19/2020,29,1024.0,1
358,2/19/2020,29,1024.0,1
359,2/19/2020,29,1024.0,1
360,2/19/2020,29,1024.0,1
361,2/19/2020,29,1024.0,1
362,2/19/2020,29,1024.0,1
363,2/19/2020,29,1024.0,1
364,2/19/2020,29,1024.0,1
365,2/19/2020,29,1024.0,1
366,2/19/2020,29,1024.0,1
367,2/19/2020,29,1024.0,1
368,2/19/2020,29,1024.0,1
369,2/19/2020,29,1024.0,1
370,2/19/2020,29,1024.0,1
371,2/19/2020,29,1024.0,1
372,2/19/2020,29,1024.0,1
373,2/19/2020,29,1024.0,1
374,2/19/2020,29,1024.0,1
375,2/19/2020,29,1024.0,1
376,2/19/2020,29,1024.0,1
377,2/19/2020,29,1024.0,1
378,2/19/2020,29,1024.0,1
379,2/19/2020,29,1024.0,1
380,2/19/2020,29,1024.0,1
381,2/19/2020,29,1024.0,1
382,2/19/2020,29,1024.0,1
383,2/19/2020,29,1024.0,1
384,2/19/2020,29,1024.0,1
385,2/19/2020,29,1024.0,1
386,2/19/2020,29,1024.0,1
387,2/19/2020,29,1024.0,1
388,2/19/2020,29,1024.0,1
389,2/19/2020,29,1024.0,1
390,2/19/2020,29,1024.0,1
391,2/19/2020,29,1024.0,1
392,2/19/2020,29,1024.0,1
393,2/19/2020,29,1024.0,1
394,2/19/2020,29,1024.0,1
395,2/19/2020,29,1024.0,1
396,2/19/2020,29,1024.0,1
397,2/19/2020,29,1024.0,1
398,2/19/2020,29,1024.0,1
399,2/19/2020,29,1024.0,1
400,2/19/2020,29,1024.0,1
401,2/19/2020,29,1024.0,1
402,2/19/2020,29,1024.0,1
403,2/19/2020,29,1024.0,1
404,2/19/2020,29,1024.0,1
405,2/19/2020,29,1024.0,1
406,2/19/2020,29,1024.0,1
407,2/19/2020,29,1024.0,1
408,2/19/2020,29,1024.0,1
409,2/19/2020,29,1024.0,1
410,2/19/2020,29,1024.0,1
411,2/19/2020,29,1024.0,1
412,2/19/2020,29,1024.0,1
413,2/19/2020,29,1024.0,1
414,2/19/2020,29,1024.0,1
415,2/19/2020,29,1024.0,1
416,2/19/2020,29,1024.0,1
417,2/19/2020,29,1024.0,1
418,2/19/2020,29,1024.0,1
419,2/19/2020,29,1024.0,1
420,2/19/2020,29,1024.0,1
421,2/19/2020,29,1024.0,1
422,2/19/2020,29,1024.0,1
423,2/19/2020,29,1024.0,1
424,2/19/2020,29,1024.0,1
425,2/19/2020,29,1024.0,1
426,2/19/2020,29,1024.0,1
427,2/19/2020,29,1024.0,1
428,2/19/2020,29,1024.0,1
429,2/19/2020,29,1024.0,1
430,2/19/2020,29,1024.0,1
431,2/19/2020,29,1024.0,1
432,2/19/2020,29,1024.0,1
433,2/19/2020,29,1024.0,1
434,2/19/2020,29,1024.0,1
435,2/19/2020,29,1024.0,1
436,2/19/2020,29,1024.0,1
437,2/19/2020,29,1024.0,1
438,2/19/2020,29,1024.0,1
439,2/19/2020,29,1024.0,1
440,2/19/2020,29,1024.0,1
441,2/19/2020,29,1024.0,1
442,2/19/2020,29,1024.0,1
443,2/19/2020,29,1024.0,1
444,2/19/2020,29,1024.0,1
445,2/19/2020,29,1024.0,1
446,2/19/2020,29,1024.0,1
447,2/19/2020,29,1024.0,1
448,2/19/2020,29,1024.0,1
449,2/19/2020,29,1024.0,1
450,2/19/2020,29,1024.0,1
451,2/19/2020,29,1024.0,1
452,2/19/2020,29,1024.0,1
453,2/19/2020,29,1024.0,1
454,2/19/2020,29,1024.0,1
455,2/19/2020,29,1024.0,1
456,2/19/2020,29,1024.0,1
457,2/19/2020,29,1024.0,1
458,2/19/2020,29,1024.0,1
459,2/19/2020,29,1024.0,1
460,2/19/2020,29,1024.0,1
461,2/19/2020,29,1024.0,1
462,2/19/2020,29,1024.0,1
463,2/19/2020,29,1024.0,1
464,2/19/2020,29,1024.0,1
465,2/19/2020,29,1024.0,1
466,2/19/2020,29,1024.0,1
467,2/19/2020,29,1024.0,1
468,2/19/2020,29,1024.0,1
469,2/19/2020,29,1024.0,1
470,2/19/2020,29,1024.0,1
471,2/19/2020,29,1024.0,1
472,2/19/2020,29,1024.0,1
473,2/19/2020,29,1024.0,1
474,2/19/2020,29,1024.0,1
475,2/19/2020,29,1024.0,1
476,2/19/2020,29,1024.0,1
477,2/19/2020,29,1024.0,1
478,2/19/2020,29,1024.0,1
479,2/19/2020,29,1024.0,1
480,2/19/2020,29,1024.0,1
481,2/19/2020,28,1024.0,1
482,2/19/2020,29,1024.0,1
483,2/19/2020,29,1024.0,1
484,2/19/2020,29,1024.0,1
485,2/19/2020,29,1024.0,1
486,2/19/2020,29,1024.0,1
487,2/19/2020,29,1024.0,1
488,2/19/2020,29,1024.0,1
489,2/19/2020,29,1024.0,1
490,2/19/2020,29,1024.0,1
491,2/19/2020,29,1024.0,1
492,2/19/2020,29,1024.0,1
493,2/19/2020,29,1024.0,1
494,2/19/2020,29,1024.0,1
495,2/19/2020,29,1024.0,1
496,2/19/2020,29,1024.0,1
497,2/19/2020,29,1024.0,1
498,2/19/2020,29,1024.0,1
499,2/19/2020,29,1024.0,1
500,2/19/2020,29,1024.0,1
501,2/19/2020,29,1024.0,1
502,2/19/2020,29,1024.0,1
503,2/19/2020,30,1024.0,1
504,2/19/2020,29,1024.0,1
505,2/19/2020,29,1024.0,1
506,2/19/2020,29,1024.0,1
507,2/19/2020,29,1024.0,1
508,2/19/2020,29,1024.0,1
509,2/19/2020,29,1024.0,1
510,2/19/2020,29,1024.0,1
511,2/19/2020,29,1024.0,1
512,2/19/2020,29,1024.0,1
513,2/19/2020,29,1024.0,1
514,2/19/2020,29,1024.0,1
515,2/19/2020,29,1024.0,1
516,2/19/2020,29,1024.0,1
517,2/19/2020,29,1024.0,1
518,2/19/2020,29,1024.0,1
519,2/19/2020,29,1024.0,1
520,2/19/2020,29,1024.0,1
521,2/19/2020,29,1024.0,1
522,2/19/2020,29,1024.0,1
523,2/19/2020,29,1024.0,1
524,2/19/2020,29,1024.0,1
525,2/19/2020,29,1024.0,1
526,2/19/2020,29,1024.0,1
527,2/19/2020,29,1024.0,1
528,2/19/2020,29,1024.0,1
529,2/19/2020,29,1024.0,1
530,2/19/2020,29,1024.0,1
531,2/19/2020,29,1024.0,1
532,2/19/2020,29,1024.0,1
533,2/19/2020,29,1024.0,1
534,2/19/2020,29,1024.0,1
535,2/19/2020,29,1024.0,1
536,2/19/2020,29,1024.0,1
537,2/19/2020,29,1024.0,1
538,2/19/2020,29,1024.0,1
539,2/19/2020,29,1024.0,1
540,2/19/2020,29,1024.0,1
541,2/19/2020,29,1024.0,1
542,2/19/2020,29,1024.0,1
543,2/19/2020,29,1024.0,1
544,2/19/2020,29,1024.0,1
545,2/19/2020,29,1024.0,1
546,2/19/2020,29,1024.0,1
547,2/19/2020,29,1024.0,1
548,2/19/2020,29,1024.0,1
549,2/19/2020,29,1024.0,1
550,2/19/2020,29,1024.0,1
551,2/19/2020,29,1024.0,1
552,2/19/2020,29,1024.0,1
553,2/19/2020,29,1024.0,1
554,2/19/2020,29,1024.0,1
555,2/19/2020,29,1024.0,1
556,2/19/2020,29,1024.0,1
557,2/19/2020,28,1024.0,1
558,2/19/2020,29,1024.0,1
559,2/19/2020,29,1024.0,1
560,2/19/2020,29,1024.0,1
561,2/19/2020,29,1024.0,1
562,2/19/2020,29,1024.0,1
563,2/19/2020,29,1024.0,1
564,2/19/2020,29,1024.0,1
565,2/19/2020,29,1024.0,1
566,2/19/2020,29,1024.0,1
567,2/19/2020,29,1024.0,1
568,2/19/2020,29,1024.0,1
569,2/19/2020,29,1024.0,1
570,2/19/2020,29,1024.0,1
571,2/19/2020,29,1024.0,1
572,2/19/2020,29,1024.0,1
573,2/19/2020,29,1024.0,1
574,2/19/2020,29,1024.0,1
575,2/19/2020,29,1024.0,1
576,2/19/2020,29,1024.0,1
577,2/19/2020,29,1024.0,1
578,2/19/2020,29,1024.0,1
579,2/19/2020,29,1024.0,1
580,2/19/2020,29,1024.0,1
581,2/19/2020,29,1024.0,1
582,2/19/2020,29,1024.0,1
583,2/19/2020,29,1024.0,1
584,2/19/2020,29,1024.0,1
585,2/19/2020,29,1024.0,1
586,2/19/2020,29,1024.0,1
587,2/19/2020,29,1024.0,1
588,2/19/2020,29,1024.0,1
589,2/19/2020,29,1024.0,1
590,2/19/2020,29,1024.0,1
591,2/19/2020,29,1024.0,1
592,2/19/2020,29,1024.0,1
593,2/19/2020,29,1024.0,1
594,2/19/2020,29,1024.0,1
595,2/19/2020,29,1024.0,1
596,2/19/2020,29,1024.0,1
597,2/19/2020,29,1024.0,1
598,2/19/2020,29,1024.0,1
599,2/19/2020,29,1024.0,1
600,2/19/2020,29,1024.0,1
601,2/19/2020,29,1024.0,1
602,2/19/2020,29,1024.0,1
603,2/19/2020,29,1024.0,1
604,2/19/2020,29,1024.0,1
605,2/19/2020,29,1024.0,1
606,2/19/2020,29,1024.0,1
607,2/19/2020,29,1024.0,1
608,2/19/2020,29,1024.0,1
609,2/19/2020,29,1024.0,1
610,2/19/2020,29,1024.0,1
611,2/19/2020,29,1024.0,1
612,2/19/2020,29,1024.0,1
613,2/19/2020,29,1024.0,1
614,2/19/2020,29,1024.0,1
615,2/19/2020,29,1024.0,1
616,2/19/2020,29,1024.0,1
617,2/19/2020,29,1024.0,1
618,2/19/2020,29,1024.0,1
619,2/19/2020,29,1024.0,1
620,2/19/2020,29,1024.0,1
621,2/19/2020,29,1024.0,1
622,2/19/2020,29,1024.0,1
623,2/19/2020,29,1024.0,1
624,2/19/2020,29,1024.0,1
625,2/19/2020,29,1024.0,1
626,2/19/2020,29,1024.0,1
627,2/19/2020,29,1024.0,1
628,2/19/2020,29,1024.0,1
629,2/19/2020,29,1024.0,1
630,2/19/2020,29,1024.0,1
631,2/19/2020,29,1024.0,1
632,2/19/2020,29,1024.0,1
633,2/19/2020,29,1024.0,1
634,2/19/2020,29,1024.0,1
635,2/19/2020,29,1024.0,1
636,2/19/2020,29,1024.0,1
637,2/19/2020,29,1024.0,1
638,2/19/2020,29,1024.0,1
639,2/19/2020,29,1024.0,1
640,2/19/2020,29,1024.0,1
641,2/19/2020,29,1024.0,1
642,2/19/2020,29,1024.0,1
643,2/19/2020,29,1024.0,1
644,2/19/2020,29,1024.0,1
645,2/19/2020,29,1024.0,1
646,2/19/2020,29,1024.0,1
647,2/19/2020,29,1024.0,1
648,2/19/2020,29,1024.0,1
649,2/19/2020,29,1024.0,1
650,2/19/2020,29,1024.0,1
651,2/19/2020,29,1024.0,1
652,2/19/2020,29,1024.0,1
653,2/19/2020,29,1024.0,1
654,2/19/2020,29,1024.0,1
655,2/19/2020,29,1024.0,1
656,2/19/2020,29,1024.0,1
657,2/19/2020,29,1024.0,1
658,2/19/2020,29,1024.0,1
659,2/19/2020,29,1024.0,1
660,2/19/2020,29,1024.0,1
661,2/19/2020,29,1024.0,1
662,2/19/2020,29,1024.0,1
663,2/19/2020,29,1024.0,1
664,2/19/2020,29,1024.0,1
665,2/19/2020,29,1024.0,1
666,2/19/2020,29,1024.0,1
667,2/19/2020,29,1024.0,1
668,2/19/2020,29,1024.0,1
669,2/19/2020,29,1024.0,1
670,2/19/2020,29,1024.0,1
671,2/19/2020,29,1024.0,1
672,2/19/2020,29,1024.0,1
673,2/19/2020,29,1024.0,1
674,2/19/2020,29,1024.0,1
675,2/19/2020,29,1024.0,1
676,2/19/2020,29,1024.0,1
677,2/19/2020,29,1024.0,1
678,2/19/2020,29,1024.0,1
679,2/19/2020,29,1024.0,1
680,2/19/2020,29,1024.0,1
681,2/19/2020,29,1024.0,1
682,2/19/2020,29,1024.0,1
683,2/19/2020,29,1024.0,1
684,2/19/2020,29,1024.0,1
685,2/19/2020,29,1024.0,1
686,2/19/2020,29,1024.0,1
687,2/19/2020,29,1024.0,1
688,2/19/2020,29,1024.0,1
689,2/19/2020,29,1024.0,1
690,2/19/2020,29,1024.0,1
691,2/19/2020,29,1024.0,1
692,2/19/2020,26,1024.0,1
693,2/19/2020,29,1024.0,1
694,2/19/2020,29,1024.0,1
695,2/19/2020,29,1024.0,1
696,2/19/2020,29,1024.0,1
697,2/19/2020,29,1024.0,1
698,2/19/2020,29,1024.0,1
699,2/19/2020,29,1024.0,1
700,2/19/2020,29,1024.0,1
701,2/19/2020,29,1024.0,1
702,2/19/2020,29,1024.0,1
703,2/19/2020,29,1024.0,1
704,2/19/2020,29,1024.0,1
705,2/19/2020,29,1024.0,1
706,2/19/2020,30,1024.0,1
707,2/19/2020,29,1024.0,1
708,2/19/2020,29,1024.0,1
709,2/19/2020,29,1024.0,1
710,2/19/2020,29,1024.0,1
711,2/19/2020,29,1024.0,1
712,2/19/2020,29,1024.0,1
713,2/19/2020,28,1024.0,1
714,2/19/2020,29,1024.0,1
715,2/19/2020,29,1024.0,1
716,2/19/2020,29,1024.0,1
717,2/19/2020,29,1024.0,1
718,2/19/2020,29,1024.0,1
719,2/19/2020,29,1024.0,1
720,2/19/2020,29,1024.0,1
721,2/19/2020,29,1024.0,1
722,2/19/2020,29,1024.0,1
723,2/19/2020,29,1024.0,1
724,2/19/2020,29,1024.0,1
725,2/19/2020,29,1024.0,1
726,2/19/2020,29,1024.0,1
727,2/19/2020,29,1024.0,1
728,2/19/2020,29,1024.0,1
729,2/19/2020,29,1024.0,1
730,2/19/2020,29,1024.0,1
731,2/19/2020,29,1024.0,1
732,2/19/2020,29,1024.0,1
733,2/19/2020,29,1024.0,1
734,2/19/2020,29,1024.0,1
735,2/19/2020,29,1024.0,1
736,2/19/2020,29,1024.0,1
737,2/19/2020,29,1024.0,1
738,2/19/2020,29,1024.0,1
739,2/19/2020,29,1024.0,1
740,2/19/2020,29,1024.0,1
741,2/19/2020,29,1024.0,1
742,2/19/2020,29,1024.0,1
743,2/19/2020,29,1024.0,1
744,2/19/2020,29,1024.0,1
745,2/19/2020,29,1024.0,1
746,2/19/2020,29,1024.0,1
747,2/19/2020,29,1024.0,1
748,2/19/2020,29,1024.0,1
749,2/19/2020,29,1024.0,1
750,2/19/2020,29,1024.0,1
751,2/19/2020,29,1024.0,1
752,2/19/2020,29,1024.0,1
753,2/19/2020,29,1024.0,1
754,2/19/2020,29,1024.0,1
755,2/19/2020,29,1024.0,1
756,2/19/2020,29,1024.0,1
757,2/19/2020,29,1024.0,1
758,2/19/2020,29,1024.0,1
759,2/19/2020,29,1024.0,1
760,2/19/2020,29,1024.0,1
761,2/19/2020,29,1024.0,1
762,2/19/2020,29,1024.0,1
763,2/19/2020,29,1024.0,1
764,2/19/2020,29,1024.0,1
765,2/19/2020,29,1024.0,1
766,2/19/2020,29,1024.0,1
767,2/19/2020,29,1024.0,1
768,2/19/2020,29,1024.0,1
769,2/19/2020,29,1024.0,1
770,2/19/2020,29,1024.0,1
771,2/19/2020,29,1024.0,1
772,2/19/2020,28,1024.0,1
773,2/19/2020,29,1024.0,1
774,2/19/2020,29,1024.0,1
775,2/19/2020,29,1024.0,1
776,2/19/2020,29,1024.0,1
777,2/19/2020,29,1024.0,1
778,2/19/2020,29,1024.0,1
779,2/19/2020,29,1024.0,1
780,2/19/2020,29,1024.0,1
781,2/19/2020,29,1024.0,1
782,2/19/2020,29,1024.0,1
783,2/19/2020,29,1024.0,1
784,2/19/2020,29,1024.0,1
785,2/19/2020,29,1024.0,1
786,2/19/2020,29,1024.0,1
787,2/19/2020,29,1024.0,1
788,2/19/2020,29,1024.0,1
789,2/19/2020,29,1024.0,1
790,2/19/2020,29,1024.0,1
791,2/19/2020,29,1024.0,1
792,2/19/2020,29,1024.0,1
793,2/19/2020,29,1024.0,1
794,2/19/2020,29,1024.0,1
795,2/19/2020,29,1024.0,1
796,2/19/2020,29,1024.0,1
797,2/19/2020,29,1024.0,1
798,2/19/2020,29,1024.0,1
799,2/19/2020,29,1024.0,1
800,2/19/2020,29,1024.0,1
801,2/19/2020,28,1024.0,1
802,2/19/2020,28,1024.0,1
803,2/19/2020,28,1024.0,1
804,2/19/2020,28,1024.0,1
805,2/19/2020,28,1024.0,1
806,2/19/2020,28,1024.0,1
807,2/19/2020,28,1024.0,1
808,2/19/2020,28,1024.0,1
809,2/19/2020,28,1024.0,1
810,2/19/2020,28,1024.0,1
811,2/19/2020,28,1024.0,1
812,2/19/2020,28,1024.0,1
813,2/19/2020,28,1024.0,1
814,2/19/2020,28,1024.0,1
815,2/19/2020,28,1024.0,1
816,2/19/2020,28,1024.0,1
817,2/19/2020,28,1024.0,1
818,2/19/2020,28,1024.0,1
819,2/19/2020,28,1024.0,1
820,2/19/2020,28,1024.0,1
821,2/19/2020,28,1024.0,1
822,2/19/2020,28,1024.0,1
823,2/19/2020,28,1024.0,1
824,2/19/2020,28,1024.0,1
825,2/19/2020,28,1024.0,1
826,2/19/2020,28,1024.0,1
827,2/19/2020,28,1024.0,1
828,2/19/2020,28,1024.0,1
829,2/19/2020,28,1024.0,1
830,2/19/2020,28,1024.0,1
831,2/19/2020,28,1024.0,1
832,2/19/2020,28,1024.0,1
833,2/19/2020,28,1024.0,1
834,2/19/2020,28,1024.0,1
835,2/19/2020,28,1024.0,1
836,2/19/2020,28,1024.0,1
837,2/19/2020,28,1024.0,1
838,2/19/2020,28,1024.0,1
839,2/19/2020,28,1024.0,1
840,2/19/2020,28,1024.0,1
841,2/19/2020,28,1024.0,1
842,2/19/2020,28,1024.0,1
843,2/19/2020,28,1024.0,1
844,2/19/2020,28,1024.0,1
845,2/19/2020,28,1024.0,1
846,2/19/2020,28,1024.0,1
847,2/19/2020,28,1024.0,1
848,2/19/2020,28,1024.0,1
849,2/19/2020,28,1024.0,1
850,2/19/2020,28,1024.0,1
851,2/19/2020,28,1024.0,1
852,2/19/2020,28,1024.0,1
853,2/19/2020,28,1024.0,1
854,2/19/2020,28,1024.0,1
855,2/19/2020,28,1024.0,1
856,2/19/2020,28,1024.0,1
857,2/19/2020,28,1024.0,1
858,2/19/2020,28,1024.0,1
859,2/19/2020,28,1024.0,1
860,2/19/2020,28,1024.0,1
861,2/19/2020,28,1024.0,1
862,2/19/2020,28,1024.0,1
863,2/19/2020,28,1024.0,1
864,2/19/2020,28,1024.0,1
865,2/19/2020,29,1024.0,1
866,2/19/2020,28,1024.0,1
867,2/19/2020,29,1024.0,1
868,2/19/2020,28,1024.0,1
869,2/19/2020,28,1024.0,1
870,2/19/2020,28,1024.0,1
871,2/19/2020,28,1024.0,1
872,2/19/2020,29,1024.0,1
873,2/19/2020,28,1024.0,1
874,2/19/2020,28,1024.0,1
875,2/19/2020,28,1024.0,1
876,2/19/2020,28,1024.0,1
877,2/19/2020,29,1024.0,1
878,2/19/2020,29,1024.0,1
879,2/19/2020,28,1024.0,1
880,2/19/2020,29,1024.0,1
881,2/19/2020,29,1024.0,1
882,2/19/2020,29,1024.0,1
883,2/19/2020,29,1024.0,1
884,2/19/2020,29,1024.0,1
885,2/19/2020,29,1024.0,1
886,2/19/2020,29,1024.0,1
887,2/19/2020,29,1024.0,1
888,2/19/2020,29,1024.0,1
889,2/19/2020,29,1024.0,1
890,2/19/2020,29,1024.0,1
891,2/19/2020,29,1024.0,1
892,2/19/2020,29,1024.0,1
893,2/19/2020,29,1024.0,1
894,2/19/2020,29,1024.0,1
895,2/19/2020,29,1024.0,1
896,2/19/2020,29,1024.0,1
897,2/19/2020,29,1024.0,1
898,2/19/2020,29,1024.0,1
899,2/19/2020,29,1024.0,1
900,2/19/2020,29,1024.0,1
901,2/19/2020,29,1024.0,1
902,2/19/2020,29,1024.0,1
903,2/19/2020,29,1024.0,1
904,2/19/2020,29,1024.0,1
905,2/19/2020,29,1024.0,1
906,2/19/2020,29,1024.0,1
907,2/19/2020,29,1024.0,1
908,2/19/2020,29,1024.0,1
909,2/19/2020,29,1024.0,1
910,2/19/2020,29,1024.0,1
911,2/19/2020,29,1024.0,1
912,2/19/2020,29,1024.0,1
913,2/19/2020,29,1024.0,1
914,2/19/2020,29,1024.0,1
915,2/19/2020,29,1024.0,1
916,2/19/2020,29,1024.0,1
917,2/19/2020,29,1024.0,1
918,2/19/2020,29,1024.0,1
919,2/19/2020,29,1024.0,1
920,2/19/2020,28,1024.0,1
921,2/19/2020,28,1024.0,1
922,2/19/2020,28,1024.0,1
923,2/19/2020,28,1024.0,1
924,2/19/2020,28,1024.0,1
925,2/19/2020,28,1024.0,1
926,2/19/2020,28,1024.0,1
927,2/19/2020,28,1024.0,1
928,2/19/2020,28,1024.0,1
929,2/19/2020,28,1024.0,1
930,2/19/2020,28,1024.0,1
931,2/19/2020,28,1024.0,1
932,2/19/2020,28,1024.0,1
933,2/19/2020,28,1024.0,1
934,2/19/2020,28,1024.0,1
935,2/19/2020,28,1024.0,1
936,2/19/2020,28,1024.0,1
937,2/19/2020,28,1024.0,1
938,2/19/2020,28,1024.0,1
939,2/19/2020,28,1024.0,1
940,2/19/2020,28,1024.0,1
941,2/19/2020,28,1024.0,1
942,2/19/2020,28,1024.0,1
943,2/19/2020,28,1024.0,1
944,2/19/2020,28,1024.0,1
945,2/19/2020,28,1024.0,1
946,2/19/2020,28,1024.0,1
947,2/19/2020,28,1024.0,1
948,2/19/2020,28,1024.0,1
949,2/19/2020,28,1024.0,1
950,2/19/2020,28,1024.0,1
951,2/19/2020,28,1024.0,1
952,2/19/2020,28,1024.0,1
953,2/19/2020,28,1024.0,1
954,2/19/2020,28,1024.0,1
955,2/19/2020,28,1024.0,1
956,2/19/2020,28,1024.0,1
957,2/19/2020,28,1024.0,1
958,2/19/2020,28,1024.0,1
959,2/19/2020,28,1024.0,1
960,2/19/2020,28,1024.0,1
961,2/19/2020,28,1024.0,1
962,2/19/2020,28,1024.0,1
963,2/19/2020,29,1024.0,1
964,2/19/2020,28,1024.0,1
965,2/19/2020,28,1024.0,1
966,2/19/2020,28,1024.0,1
967,2/19/2020,28,1024.0,1
968,2/19/2020,28,1024.0,1
969,2/19/2020,28,1024.0,1
970,2/19/2020,28,1024.0,1
971,2/19/2020,28,1024.0,1
972,2/19/2020,28,1024.0,1
973,2/19/2020,28,1024.0,1
974,2/19/2020,28,1024.0,1
975,2/19/2020,28,1024.0,1
976,2/19/2020,28,1024.0,1
977,2/19/2020,28,1024.0,1
978,2/19/2020,28,1024.0,1
979,2/19/2020,28,1024.0,1
980,2/19/2020,28,1024.0,1
981,2/19/2020,28,1024.0,1
982,2/19/2020,28,1024.0,1
983,2/19/2020,28,1024.0,1
984,2/19/2020,28,1024.0,1
985,2/19/2020,28,1024.0,1
986,2/19/2020,28,1024.0,1
987,2/19/2020,28,1024.0,1
988,2/19/2020,28,1024.0,1
989,2/19/2020,28,1024.0,1
990,2/19/2020,28,1024.0,1
991,2/19/2020,28,1024.0,1
992,2/19/2020,28,1024.0,1
993,2/19/2020,28,1024.0,1
994,2/19/2020,28,1024.0,1
995,2/19/2020,29,1024.0,1
996,2/19/2020,28,1024.0,1
997,2/19/2020,28,1024.0,1
998,2/19/2020,28,1024.0,1
999,2/19/2020,29,1024.0,1
1000,2/19/2020,28,1024.0,1
1001,2/19/2020,28,1024.0,1
1002,2/19/2020,28,1024.0,1
1003,2/19/2020,28,1024.0,1
1004,2/19/2020,28,1024.0,1
1005,2/19/2020,28,1024.0,1
1006,2/19/2020,28,1024.0,1
1007,2/19/2020,29,1024.0,1
1008,2/19/2020,29,1024.0,1
1009,2/19/2020,29,1024.0,1
1010,2/19/2020,29,1024.0,1
1011,2/19/2020,28,1024.0,1
1012,2/19/2020,29,1024.0,1
1013,2/19/2020,28,1024.0,1
1014,2/19/2020,28,1024.0,1
1015,2/19/2020,29,1024.0,1
1016,2/19/2020,28,1024.0,1
1017,2/19/2020,29,1024.0,1
1018,2/19/2020,29,1024.0,1
1019,2/19/2020,29,1024.0,1
1020,2/19/2020,29,1024.0,1
1021,2/19/2020,29,1024.0,1
1022,2/19/2020,29,1024.0,1
1023,2/19/2020,29,1024.0,1
1024,2/19/2020,29,1024.0,1
1025,2/19/2020,29,1024.0,1
1026,2/19/2020,29,1024.0,1
1027,2/19/2020,29,1024.0,1
1028,2/19/2020,29,1024.0,1
1029,2/19/2020,29,1024.0,1
1030,2/19/2020,29,1024.0,1
1031,2/19/2020,29,1024.0,1
1032,2/19/2020,29,1024.0,1
1033,2/19/2020,29,1024.0,1
1034,2/19/2020,29,1024.0,1
1035,2/19/2020,29,1024.0,1
1036,2/19/2020,29,1024.0,1
1037,2/19/2020,29,1024.0,1
1038,2/19/2020,29,1024.0,1
1039,2/19/2020,29,1024.0,1
1040,2/19/2020,29,1024.0,1
1041,2/19/2020,29,1024.0,1
1042,2/19/2020,29,1024.0,1
1043,2/19/2020,29,1024.0,1
1044,2/19/2020,29,1024.0,1
1045,2/19/2020,29,1024.0,1
1046,2/19/2020,29,1024.0,1
1047,2/19/2020,29,1024.0,1
1048,2/19/2020,29,1024.0,1
1049,2/19/2020,29,1024.0,1
1050,2/19/2020,29,1024.0,1
1051,2/19/2020,29,1024.0,1
1052,2/19/2020,29,1024.0,1
1053,2/19/2020,29,1024.0,1
1054,2/19/2020,29,1024.0,1
1055,2/19/2020,29,1024.0,1
1056,2/19/2020,29,1024.0,1
1057,2/19/2020,29,1024.0,1
1058,2/19/2020,29,1024.0,1
1059,2/19/2020,29,1024.0,1
1060,2/19/2020,29,1024.0,1
1061,2/19/2020,29,1024.0,1
1062,2/19/2020,29,1024.0,1
1063,2/19/2020,29,1024.0,1
1064,2/19/2020,29,1024.0,1
1065,2/19/2020,29,1024.0,1
1066,2/19/2020,29,1024.0,1
1067,2/19/2020,29,1024.0,1
1068,2/19/2020,29,1024.0,1
1069,2/19/2020,29,1024.0,1
1070,2/19/2020,29,1024.0,1
1071,2/19/2020,29,1024.0,1
1072,2/19/2020,29,1024.0,1
1073,2/19/2020,28,1024.0,1
1074,2/19/2020,28,1024.0,1
1075,2/19/2020,29,1024.0,1
1076,2/19/2020,29,1024.0,1
1077,2/19/2020,29,1024.0,1
1078,2/19/2020,29,1024.0,1
1079,2/19/2020,29,1024.0,1
1080,2/19/2020,29,1024.0,1
1081,2/19/2020,29,1024.0,1
1082,2/19/2020,29,1024.0,1
1083,2/19/2020,29,1024.0,1
1084,2/19/2020,29,1024.0,1
1085,2/19/2020,-15,1024.0,1
1086,2/19/2020,29,1024.0,1
1087,2/19/2020,29,1024.0,1
1088,2/19/2020,29,1024.0,1
1089,2/19/2020,29,1024.0,1
1090,2/19/2020,29,1024.0,1
1091,2/19/2020,29,1024.0,1
1092,2/19/2020,29,1024.0,1
1093,2/19/2020,29,1024.0,1
1094,2/19/2020,29,1024.0,1
1095,2/19/2020,29,1024.0,1
1096,2/19/2020,29,1024.0,1
1097,2/19/2020,29,1024.0,1
1098,2/19/2020,29,1024.0,1
1099,2/19/2020,29,1024.0,1
1100,2/19/2020,29,1024.0,1
1101,2/19/2020,29,1024.0,1
1102,2/19/2020,29,1024.0,1
1103,2/19/2020,29,1024.0,1
1104,2/19/2020,29,1024.0,1
1105,2/19/2020,29,1024.0,1
1106,2/19/2020,29,1024.0,1
1107,2/19/2020,29,1024.0,1
1108,2/19/2020,29,1024.0,1
1109,2/19/2020,29,1024.0,1
1110,2/19/2020,29,1024.0,1
1111,2/19/2020,29,1024.0,1
1112,2/19/2020,29,1024.0,1
1113,2/19/2020,29,1024.0,1
1114,2/19/2020,29,1024.0,1
1115,2/19/2020,29,1024.0,1
1116,2/19/2020,29,1024.0,1
1117,2/19/2020,29,1024.0,1
1118,2/19/2020,29,1024.0,1
1119,2/19/2020,29,1024.0,1
1120,2/19/2020,29,1024.0,1
1121,2/19/2020,29,1024.0,1
1122,2/19/2020,29,1024.0,1
1123,2/19/2020,29,1024.0,1
1124,2/19/2020,29,1024.0,1
1125,2/19/2020,29,1024.0,1
1126,2/19/2020,29,1024.0,1
1127,2/19/2020,29,1024.0,1
1128,2/19/2020,29,1024.0,1
1129,2/19/2020,29,1024.0,1
1130,2/19/2020,29,1024.0,1
1131,2/19/2020,29,1024.0,1
1132,2/19/2020,29,1024.0,1
1133,2/19/2020,29,1024.0,1
1134,2/19/2020,29,1024.0,1
1135,2/19/2020,29,1024.0,1
1136,2/19/2020,29,1024.0,1
1137,2/19/2020,29,1024.0,1
1138,2/19/2020,29,1024.0,1
1139,2/19/2020,29,1024.0,1
1140,2/19/2020,29,1024.0,1
1141,2/19/2020,29,1024.0,1
1142,2/19/2020,29,1024.0,1
1143,2/19/2020,29,1024.0,1
1144,2/19/2020,29,1024.0,1
1145,2/19/2020,29,1024.0,1
1146,2/19/2020,29,1024.0,1
1147,2/19/2020,29,1024.0,1
1148,2/19/2020,29,1024.0,1
1149,2/19/2020,29,1024.0,1
1150,2/19/2020,29,1024.0,1
1151,2/19/2020,29,1024.0,1
1152,2/19/2020,29,1024.0,1
1153,2/19/2020,29,1024.0,1
1154,2/19/2020,29,1024.0,1
1155,2/19/2020,29,1024.0,1
1156,2/19/2020,29,1024.0,1
1157,2/19/2020,29,1024.0,1
1158,2/19/2020,29,1024.0,1
1159,2/19/2020,29,1024.0,1
1160,2/19/2020,29,1024.0,1
1161,2/19/2020,29,1024.0,1
1162,2/19/2020,29,1024.0,1
1163,2/19/2020,29,1024.0,1
1164,2/19/2020,29,1024.0,1
1165,2/19/2020,29,1024.0,1
1166,2/19/2020,29,1024.0,1
1167,2/19/2020,29,1024.0,1
1168,2/19/2020,29,1024.0,1
1169,2/19/2020,29,1024.0,1
1170,2/19/2020,29,1024.0,1
1171,2/19/2020,29,1024.0,1
1172,2/19/2020,29,1024.0,1
1173,2/19/2020,29,1024.0,1
1174,2/19/2020,29,1024.0,1
1175,2/19/2020,29,1024.0,1
1176,2/19/2020,29,1024.0,1
1177,2/19/2020,29,1024.0,1
1178,2/19/2020,29,1024.0,1
1179,2/19/2020,29,1024.0,1
1180,2/19/2020,29,1024.0,1
1181,2/19/2020,29,1024.0,1
1182,2/19/2020,29,1024.0,1
1183,2/19/2020,29,1024.0,1
1184,2/19/2020,29,1024.0,1
1185,2/19/2020,29,1024.0,1
1186,2/19/2020,29,1024.0,1
1187,2/19/2020,29,1024.0,1
1188,2/19/2020,29,1024.0,1
1189,2/19/2020,29,1024.0,1
1190,2/19/2020,29,1024.0,1
1191,2/19/2020,29,1024.0,1
1192,2/19/2020,29,1024.0,1
1193,2/19/2020,29,1024.0,1
1194,2/19/2020,29,1024.0,1
1195,2/19/2020,29,1024.0,1
1196,2/19/2020,29,1024.0,1
1197,2/19/2020,29,1024.0,1
1198,2/19/2020,29,1024.0,1
1199,2/19/2020,29,1024.0,1
1200,2/19/2020,29,1024.0,1
1201,2/19/2020,29,1024.0,1
1202,2/19/2020,29,1024.0,1
1203,2/19/2020,29,1024.0,1
1204,2/19/2020,29,1024.0,1
1205,2/19/2020,29,1024.0,1
1206,2/19/2020,29,1024.0,1
1207,2/19/2020,29,1024.0,1
1208,2/19/2020,29,1024.0,1
1209,2/19/2020,29,1024.0,1
1210,2/19/2020,29,1024.0,1
1211,2/19/2020,29,1024.0,1
1212,2/19/2020,29,1024.0,1
1213,2/19/2020,29,1024.0,1
1214,2/19/2020,29,1024.0,1
1215,2/19/2020,29,1024.0,1
1216,2/19/2020,29,1024.0,1
1217,2/19/2020,29,1024.0,1
1218,2/19/2020,29,1024.0,1
1219,2/19/2020,29,1024.0,1
1220,2/19/2020,29,1024.0,1
1221,2/19/2020,29,1024.0,1
1222,2/19/2020,29,1024.0,1
1223,2/19/2020,29,1024.0,1
1224,2/19/2020,29,1024.0,1
1225,2/19/2020,29,1024.0,1
1226,2/19/2020,29,1024.0,1
1227,2/19/2020,29,1024.0,1
1228,2/19/2020,29,1024.0,1
1229,2/19/2020,29,1024.0,1
1230,2/19/2020,29,1024.0,1
1231,2/19/2020,29,1024.0,1
1232,2/19/2020,29,1024.0,1
1233,2/19/2020,29,1024.0,1
1234,2/19/2020,29,1024.0,1
1235,2/19/2020,29,1024.0,1
1236,2/19/2020,29,1024.0,1
1237,2/19/2020,29,1024.0,1
1238,2/19/2020,29,1024.0,1
1239,2/19/2020,29,1024.0,1
1240,2/19/2020,29,1024.0,1
1241,2/19/2020,29,1024.0,1
1242,2/19/2020,29,1024.0,1
1243,2/19/2020,29,1024.0,1
1244,2/19/2020,29,1024.0,1
1245,2/19/2020,29,1024.0,1
1246,2/19/2020,29,1024.0,1
1247,2/19/2020,29,1024.0,1
1248,2/19/2020,29,1024.0,1
1249,2/19/2020,29,1024.0,1
1250,2/19/2020,29,1024.0,1
1251,2/19/2020,29,1024.0,1
1252,2/19/2020,29,1024.0,1
1253,2/19/2020,29,1024.0,1
1254,2/19/2020,29,1024.0,1
1255,2/19/2020,29,1024.0,1
1256,2/19/2020,29,1024.0,1
1257,2/19/2020,29,1024.0,1
1258,2/19/2020,29,1024.0,1
1259,2/19/2020,29,1024.0,1
1260,2/19/2020,29,1024.0,1
1261,2/19/2020,29,1024.0,1
1262,2/19/2020,29,1024.0,1
1263,2/19/2020,29,1024.0,1
1264,2/19/2020,29,1024.0,1
1265,2/19/2020,29,1024.0,1
1266,2/19/2020,29,1024.0,1
1267,2/19/2020,29,1024.0,1
1268,2/19/2020,29,1024.0,1
1269,2/19/2020,29,1024.0,1
1270,2/19/2020,29,1024.0,1
1271,2/19/2020,29,1024.0,1
1272,2/19/2020,29,1024.0,1
1273,2/19/2020,29,1024.0,1
1274,2/19/2020,29,1024.0,1
1275,2/19/2020,29,1024.0,1
1276,2/19/2020,29,1024.0,1
1277,2/19/2020,29,1024.0,1
1278,2/19/2020,29,1024.0,1
1279,2/19/2020,29,1024.0,1
1280,2/19/2020,29,1024.0,1
1281,2/19/2020,29,1024.0,1
1282,2/19/2020,29,1024.0,1
1283,2/19/2020,29,1024.0,1
1284,2/19/2020,29,1024.0,1
1285,2/19/2020,29,1024.0,1
1286,2/19/2020,29,1024.0,1
1287,2/19/2020,28,1024.0,1
1288,2/19/2020,28,1024.0,1
1289,2/19/2020,28,1024.0,1
1290,2/19/2020,28,1024.0,1
1291,2/19/2020,28,1024.0,1
1292,2/19/2020,28,1024.0,1
1293,2/19/2020,29,1024.0,1
1294,2/19/2020,28,1024.0,1
1295,2/19/2020,28,1024.0,1
1296,2/19/2020,28,1024.0,1
1297,2/19/2020,29,1024.0,1
1298,2/19/2020,29,1024.0,1
1299,2/19/2020,29,1024.0,1
1300,2/19/2020,29,1024.0,1
1301,2/19/2020,29,1024.0,1
1302,2/19/2020,29,1024.0,1
1303,2/19/2020,29,1024.0,1
1304,2/19/2020,29,1024.0,1
1305,2/19/2020,29,1024.0,1
1306,2/19/2020,29,1024.0,1
1307,2/19/2020,29,1024.0,1
1308,2/19/2020,29,1024.0,1
1309,2/19/2020,29,1024.0,1
1310,2/19/2020,29,1024.0,1
1311,2/19/2020,29,1024.0,1
1312,2/19/2020,29,1024.0,1
1313,2/19/2020,29,1024.0,1
1314,2/19/2020,29,1024.0,1
1315,2/19/2020,29,1024.0,1
1316,2/19/2020,29,1024.0,1
1317,2/19/2020,29,1024.0,1
1318,2/19/2020,29,1024.0,1
1319,2/19/2020,29,1024.0,1
1320,2/19/2020,29,1024.0,1
1321,2/19/2020,29,1024.0,1
1322,2/19/2020,29,1024.0,1
1323,2/19/2020,29,1024.0,1
1324,2/19/2020,29,1024.0,1
1325,2/19/2020,29,1024.0,1
1326,2/19/2020,29,1024.0,1
1327,2/19/2020,29,1024.0,1
1328,2/19/2020,29,1024.0,1
1329,2/19/2020,29,1024.0,1
1330,2/19/2020,29,1024.0,1
1331,2/19/2020,29,1024.0,1
1332,2/19/2020,29,1024.0,1
1333,2/19/2020,29,1024.0,1
1334,2/19/2020,29,1024.0,1
1335,2/19/2020,29,1024.0,1
1336,2/19/2020,29,1024.0,1
1337,2/19/2020,29,1024.0,1
1338,2/19/2020,29,1024.0,1
1339,2/19/2020,29,1024.0,1
1340,2/19/2020,29,1024.0,1
1341,2/19/2020,29,1024.0,1
1342,2/19/2020,30,1024.0,1
1343,2/19/2020,29,1024.0,1
1344,2/19/2020,29,1024.0,1
1345,2/19/2020,29,1024.0,1
1346,2/19/2020,29,1024.0,1
1347,2/19/2020,29,1024.0,1
1348,2/19/2020,29,1024.0,1
1349,2/19/2020,29,1024.0,1
1350,2/19/2020,29,1024.0,1
1351,2/19/2020,29,1024.0,1
1352,2/19/2020,29,1024.0,1
1353,2/19/2020,29,1024.0,1
1354,2/19/2020,29,1024.0,1
1355,2/19/2020,29,1024.0,1
1356,2/19/2020,29,1024.0,1
1357,2/19/2020,29,1024.0,1
1358,2/19/2020,29,1024.0,1
1359,2/19/2020,29,1024.0,1
1360,2/19/2020,29,1024.0,1
1361,2/19/2020,29,1024.0,1
1362,2/19/2020,29,1024.0,1
1363,2/19/2020,29,1024.0,1
1364,2/19/2020,29,1024.0,1
1365,2/19/2020,29,1024.0,1
1366,2/19/2020,29,1024.0,1
1367,2/19/2020,29,1024.0,1
1368,2/19/2020,29,1024.0,1
1369,2/19/2020,29,1024.0,1
1370,2/19/2020,29,1024.0,1
1371,2/19/2020,29,1024.0,1
1372,2/19/2020,29,1024.0,1
1373,2/19/2020,29,1024.0,1
1374,2/19/2020,29,1024.0,1
1375,2/19/2020,29,1024.0,1
1376,2/19/2020,29,1024.0,1
1377,2/19/2020,29,1024.0,1
1378,2/19/2020,29,1024.0,1
1379,2/19/2020,29,1024.0,1
1380,2/19/2020,29,1024.0,1
1381,2/19/2020,29,1024.0,1
1382,2/19/2020,29,1024.0,1
1383,2/19/2020,29,1024.0,1
1384,2/19/2020,29,1024.0,1
1385,2/19/2020,29,1024.0,1
1386,2/19/2020,29,1024.0,1
1387,2/19/2020,29,1024.0,1
1388,2/19/2020,29,1024.0,1
1389,2/19/2020,29,1024.0,1
1390,2/19/2020,29,1024.0,1
1391,2/19/2020,29,1024.0,1
1392,2/19/2020,29,1024.0,1
1393,2/19/2020,29,1024.0,1
1394,2/19/2020,29,1024.0,1
1395,2/19/2020,29,1024.0,1
1396,2/19/2020,29,1024.0,1
1397,2/19/2020,29,1024.0,1
1398,2/19/2020,29,1024.0,1
1399,2/19/2020,29,1024.0,1
1400,2/19/2020,29,1024.0,1
1401,2/19/2020,29,1024.0,1
1402,2/19/2020,29,1024.0,1
1403,2/19/2020,29,1024.0,1
1404,2/19/2020,29,1024.0,1
1405,2/19/2020,29,1024.0,1
1406,2/19/2020,29,1024.0,1
1407,2/19/2020,29,1024.0,1
1408,2/19/2020,29,1024.0,1
1409,2/19/2020,29,1024.0,1
1410,2/19/2020,29,1024.0,1
1411,2/19/2020,29,1024.0,1
1412,2/19/2020,29,1024.0,1
1413,2/19/2020,29,1024.0,1
1414,2/19/2020,29,1024.0,1
1415,2/19/2020,29,1024.0,1
1416,2/19/2020,29,1024.0,1
1417,2/19/2020,29,1024.0,1
1418,2/19/2020,29,1024.0,1
1419,2/19/2020,29,1024.0,1
1420,2/19/2020,29,1024.0,1
1421,2/19/2020,29,1024.0,1
1422,2/19/2020,29,1024.0,1
1423,2/19/2020,29,1024.0,1
1424,2/19/2020,29,1024.0,1
1425,2/19/2020,29,1024.0,1
1426,2/19/2020,29,1024.0,1
1427,2/19/2020,29,1024.0,1
1428,2/19/2020,29,1024.0,1
1429,2/19/2020,29,1024.0,1
1430,2/19/2020,29,1024.0,1
1431,2/19/2020,29,1024.0,1
1432,2/19/2020,29,1024.0,1
1433,2/19/2020,29,1024.0,1
1434,2/19/2020,29,1024.0,1
1435,2/19/2020,29,1024.0,1
1436,2/19/2020,29,1024.0,1
1437,2/19/2020,29,1024.0,1
1438,2/19/2020,29,1024.0,1
1439,2/19/2020,29,1024.0,1
1440,2/19/2020,29,1024.0,1
1441,2/19/2020,28,1024.0,1
1442,2/19/2020,29,1024.0,1
1443,2/19/2020,29,1024.0,1
1444,2/19/2020,29,1024.0,1
1445,2/19/2020,29,1024.0,1
1446,2/19/2020,29,1024.0,1
1447,2/19/2020,29,1024.0,1
1448,2/19/2020,29,1024.0,1
1449,2/19/2020,29,1024.0,1
1450,2/19/2020,29,1024.0,1
1451,2/19/2020,29,1024.0,1
1452,2/19/2020,29,1024.0,1
1453,2/19/2020,29,1024.0,1
1454,2/19/2020,29,1024.0,1
1455,2/19/2020,29,1024.0,1
1456,2/19/2020,29,1024.0,1
1457,2/19/2020,29,1024.0,1
1458,2/19/2020,29,1024.0,1
1459,2/19/2020,29,1024.0,1
1460,2/19/2020,29,1024.0,1
1461,2/19/2020,29,1024.0,1
1462,2/19/2020,29,1024.0,1
1463,2/19/2020,29,1024.0,1
1464,2/19/2020,29,1024.0,1
1465,2/19/2020,29,1024.0,1
1466,2/19/2020,29,1024.0,1
1467,2/19/2020,29,1024.0,1
1468,2/19/2020,29,1024.0,1
1469,2/19/2020,29,1024.0,1
1470,2/19/2020,29,1024.0,1
1471,2/19/2020,29,1024.0,1
1472,2/19/2020,29,1024.0,1
1473,2/19/2020,29,1024.0,1
1474,2/19/2020,29,1024.0,1
1475,2/19/2020,29,1024.0,1
1476,2/19/2020,29,1024.0,1
1477,2/19/2020,29,1024.0,1
1478,2/19/2020,29,1024.0,1
1479,2/19/2020,29,1024.0,1
1480,2/19/2020,29,1024.0,1
1481,2/19/2020,29,1024.0,1
1482,2/19/2020,29,1024.0,1
1483,2/19/2020,29,1024.0,1
1484,2/19/2020,29,1024.0,1
1485,2/19/2020,29,1024.0,1
1486,2/19/2020,29,1024.0,1
1487,2/19/2020,29,1024.0,1
1488,2/19/2020,29,1024.0,1
1489,2/19/2020,29,1024.0,1
1490,2/19/2020,29,1024.0,1
1491,2/19/2020,29,1024.0,1
1492,2/19/2020,29,1024.0,1
1493,2/19/2020,29,1024.0,1
1494,2/19/2020,29,1024.0,1
1495,2/19/2020,29,1024.0,1
1496,2/19/2020,29,1024.0,1
1497,2/19/2020,29,1024.0,1
1498,2/19/2020,29,1024.0,1
1499,2/19/2020,29,1024.0,1
1500,2/19/2020,29,1024.0,1
1501,2/19/2020,29,1024.0,1
1502,2/19/2020,29,1024.0,1
1503,2/19/2020,29,1024.0,1
1504,2/19/2020,29,1024.0,1
1505,2/19/2020,29,1024.0,1
1506,2/19/2020,29,1024.0,1
1507,2/19/2020,29,1024.0,1
1508,2/19/2020,29,1024.0,1
1509,2/19/2020,29,1024.0,1
1510,2/19/2020,29,1024.0,1
1511,2/19/2020,29,1024.0,1
1512,2/19/2020,29,1024.0,1
1513,2/19/2020,29,1024.0,1
1514,2/19/2020,29,1024.0,1
1515,2/19/2020,29,1024.0,1
1516,2/19/2020,29,1024.0,1
1517,2/19/2020,29,1024.0,1
1518,2/19/2020,29,1024.0,1
1519,2/19/2020,29,1024.0,1
1520,2/19/2020,29,1024.0,1
1521,2/19/2020,29,1024.0,1
1522,2/19/2020,29,1024.0,1
1523,2/19/2020,29,1024.0,1
1524,2/19/2020,29,1024.0,1
1525,2/19/2020,29,1024.0,1
1526,2/19/2020,29,1024.0,1
1527,2/19/2020,29,1024.0,1
1528,2/19/2020,29,1024.0,1
1529,2/19/2020,29,1024.0,1
1530,2/19/2020,29,1024.0,1
1531,2/19/2020,29,1024.0,1
1532,2/19/2020,29,1024.0,1
1533,2/19/2020,29,1024.0,1
1534,2/19/2020,29,1024.0,1
1535,2/19/2020,29,1024.0,1
1536,2/19/2020,29,1024.0,1
1537,2/19/2020,29,1024.0,1
1538,2/19/2020,29,720.0,0
1539,2/19/2020,29,637.0,0
1540,2/19/2020,29,661.0,0
1541,2/19/2020,29,674.0,0
1542,2/19/2020,29,681.0,0
1543,2/19/2020,29,666.0,0
1544,2/19/2020,29,668.0,0
1545,2/19/2020,29,656.0,0
1546,2/19/2020,29,664.0,0
1547,2/19/2020,29,667.0,0
1548,2/19/2020,29,669.0,0
1549,2/19/2020,29,682.0,0
1550,2/19/2020,29,680.0,0
1551,2/19/2020,29,678.0,0
1552,2/19/2020,29,658.0,0
1553,2/19/2020,29,667.0,0
1554,2/19/2020,29,662.0,0
1555,2/19/2020,29,655.0,0
1556,2/19/2020,29,637.0,0
1557,2/19/2020,29,636.0,0
1558,2/19/2020,29,628.0,0
1559,2/19/2020,29,595.0,0
1560,2/19/2020,29,608.0,0
1561,2/19/2020,29,605.0,0
1562,2/19/2020,29,600.0,0
1563,2/19/2020,29,596.0,0
1564,2/19/2020,29,592.0,0
1565,2/19/2020,29,588.0,0
1566,2/19/2020,29,584.0,0
1567,2/19/2020,29,580.0,0
1568,2/19/2020,29,554.0,0
1569,2/19/2020,29,571.0,0
1570,2/19/2020,29,569.0,0
1571,2/19/2020,29,567.0,0
1572,2/19/2020,29,564.0,0
1573,2/19/2020,29,561.0,0
1574,2/19/2020,29,558.0,0
1575,2/19/2020,29,535.0,0
1576,2/19/2020,29,554.0,0
1577,2/19/2020,29,553.0,0
1578,2/19/2020,29,550.0,0
1579,2/19/2020,29,549.0,0
1580,2/19/2020,29,547.0,0
1581,2/19/2020,29,523.0,0
1582,2/19/2020,29,523.0,0
1583,2/19/2020,29,543.0,0
1584,2/19/2020,29,543.0,0
1585,2/19/2020,29,542.0,0
1586,2/19/2020,29,526.0,0
1587,2/19/2020,29,543.0,0
1588,2/19/2020,29,542.0,0
1589,2/19/2020,29,542.0,0
1590,2/19/2020,29,540.0,0
1591,2/19/2020,29,523.0,0
1592,2/19/2020,29,538.0,0
1593,2/19/2020,29,522.0,0
1594,2/19/2020,29,536.0,0
1595,2/19/2020,29,536.0,0
1596,2/19/2020,29,537.0,0
1597,2/19/2020,29,536.0,0
1598,2/19/2020,29,532.0,0
1599,2/19/2020,29,514.0,0
1600,2/19/2020,29,513.0,0
1601,2/19/2020,29,528.0,0
1602,2/19/2020,29,535.0,0
1603,2/19/2020,29,534.0,0
1604,2/19/2020,29,517.0,0
1605,2/19/2020,29,516.0,0
1606,2/19/2020,29,532.0,0
1607,2/19/2020,29,531.0,0
1608,2/19/2020,29,512.0,0
1609,2/19/2020,29,528.0,0
1610,2/19/2020,29,526.0,0
1611,2/19/2020,29,525.0,0
1612,2/19/2020,29,530.0,0
1613,2/19/2020,29,528.0,0
1614,2/19/2020,29,526.0,0
1615,2/19/2020,29,525.0,0
1616,2/19/2020,29,524.0,0
1617,2/19/2020,29,523.0,0
1618,2/19/2020,29,523.0,0
1619,2/19/2020,29,524.0,0
1620,2/19/2020,29,525.0,0
1621,2/19/2020,29,525.0,0
1622,2/19/2020,29,508.0,0
1623,2/19/2020,29,523.0,0
1624,2/19/2020,29,524.0,0
1625,2/19/2020,29,523.0,0
1626,2/19/2020,29,526.0,0
1627,2/19/2020,29,525.0,0
1628,2/19/2020,29,522.0,0
1629,2/19/2020,29,522.0,0
1630,2/19/2020,29,520.0,0
1631,2/19/2020,28,519.0,0
1632,2/19/2020,29,519.0,0
1633,2/19/2020,29,524.0,0
1634,2/19/2020,29,523.0,0
1635,2/19/2020,29,523.0,0
1636,2/19/2020,29,521.0,0
1637,2/19/2020,29,519.0,0
1638,2/19/2020,29,519.0,0
1639,2/19/2020,29,519.0,0
1640,2/19/2020,29,523.0,0
1641,2/19/2020,29,485.0,0
1642,2/19/2020,29,524.0,0
1643,2/19/2020,29,524.0,0
1644,2/19/2020,29,522.0,0
1645,2/19/2020,29,520.0,0
1646,2/19/2020,29,488.0,0
1647,2/19/2020,29,441.0,0
1648,2/19/2020,29,493.0,0
1649,2/19/2020,29,504.0,0
1650,2/19/2020,29,490.0,0
1651,2/19/2020,29,489.0,0
1652,2/19/2020,29,507.0,0
1653,2/19/2020,29,507.0,0
1654,2/19/2020,29,490.0,0
1655,2/19/2020,29,506.0,0
1656,2/19/2020,29,506.0,0
1657,2/19/2020,29,488.0,0
1658,2/19/2020,29,505.0,0
1659,2/19/2020,29,505.0,0
1660,2/19/2020,29,488.0,0
1661,2/19/2020,29,488.0,0
1662,2/19/2020,29,504.0,0
1663,2/19/2020,29,504.0,0
1664,2/19/2020,29,504.0,0
1665,2/19/2020,29,504.0,0
1666,2/19/2020,29,504.0,0
1667,2/19/2020,29,502.0,0
1668,2/19/2020,29,502.0,0
1669,2/19/2020,29,502.0,0
1670,2/19/2020,29,486.0,0
1671,2/19/2020,29,502.0,0
1672,2/19/2020,29,502.0,0
1673,2/19/2020,29,501.0,0
1674,2/19/2020,29,501.0,0
1675,2/19/2020,29,502.0,0
1676,2/19/2020,29,501.0,0
1677,2/19/2020,29,500.0,0
1678,2/19/2020,29,500.0,0
1679,2/19/2020,29,500.0,0
1680,2/19/2020,29,499.0,0
1681,2/19/2020,29,499.0,0
1682,2/19/2020,29,483.0,0
1683,2/19/2020,29,499.0,0
1684,2/19/2020,29,498.0,0
1685,2/19/2020,29,498.0,0
1686,2/19/2020,29,498.0,0
1687,2/19/2020,29,498.0,0
1688,2/19/2020,29,498.0,0
1689,2/19/2020,29,482.0,0
1690,2/19/2020,29,498.0,0
1691,2/19/2020,29,498.0,0
1692,2/19/2020,29,498.0,0
1693,2/19/2020,30,497.0,0
1694,2/19/2020,29,481.0,0
1695,2/19/2020,29,497.0,0
1696,2/19/2020,29,497.0,0
1697,2/19/2020,29,497.0,0
1698,2/19/2020,29,480.0,0
1699,2/19/2020,29,497.0,0
1700,2/19/2020,29,496.0,0
1701,2/19/2020,29,497.0,0
1702,2/19/2020,29,496.0,0
1703,2/19/2020,29,480.0,0
1704,2/19/2020,29,496.0,0
1705,2/19/2020,29,495.0,0
1706,2/19/2020,29,478.0,0
1707,2/19/2020,29,496.0,0
1708,2/19/2020,29,496.0,0
1709,2/19/2020,29,496.0,0
1710,2/19/2020,29,496.0,0
1711,2/19/2020,29,495.0,0
1712,2/19/2020,29,495.0,0
1713,2/19/2020,29,495.0,0
1714,2/19/2020,29,495.0,0
1715,2/19/2020,29,478.0,0
1716,2/19/2020,29,495.0,0
1717,2/19/2020,29,495.0,0
1718,2/19/2020,29,477.0,0
1719,2/19/2020,29,477.0,0
1720,2/19/2020,29,478.0,0
1721,2/19/2020,29,494.0,0
1722,2/19/2020,29,494.0,0
1723,2/19/2020,29,476.0,0
1724,2/19/2020,29,494.0,0
1725,2/19/2020,29,494.0,0
1726,2/19/2020,29,494.0,0
1727,2/19/2020,29,494.0,0
1728,2/19/2020,29,494.0,0
1729,2/19/2020,29,494.0,0
1730,2/19/2020,29,494.0,0
1731,2/19/2020,29,493.0,0
1732,2/19/2020,29,493.0,0
1733,2/19/2020,29,494.0,0
1734,2/19/2020,29,494.0,0
1735,2/19/2020,29,476.0,0
1736,2/19/2020,29,476.0,0
1737,2/19/2020,29,493.0,0
1738,2/19/2020,29,493.0,0
1739,2/19/2020,29,475.0,0
1740,2/19/2020,29,490.0,0
1741,2/19/2020,29,490.0,0
1742,2/19/2020,29,489.0,0
1743,2/19/2020,29,490.0,0
1744,2/19/2020,29,490.0,0
1745,2/19/2020,29,474.0,0
1746,2/19/2020,29,489.0,0
1747,2/19/2020,29,489.0,0
1748,2/19/2020,29,489.0,0
1749,2/19/2020,29,474.0,0
1750,2/19/2020,29,489.0,0
1751,2/19/2020,29,474.0,0
1752,2/19/2020,29,489.0,0
1753,2/19/2020,29,473.0,0
1754,2/19/2020,29,473.0,0
1755,2/19/2020,29,473.0,0
1756,2/19/2020,29,488.0,0
1757,2/19/2020,29,488.0,0
1758,2/19/2020,29,472.0,0
1759,2/19/2020,29,488.0,0
1760,2/19/2020,29,488.0,0
1761,2/19/2020,29,472.0,0
1762,2/19/2020,29,488.0,0
1763,2/19/2020,29,487.0,0
1764,2/19/2020,29,487.0,0
1765,2/19/2020,29,471.0,0
1766,2/19/2020,29,487.0,0
1767,2/19/2020,29,487.0,0
1768,2/19/2020,29,488.0,0
1769,2/19/2020,29,488.0,0
1770,2/19/2020,29,487.0,0
1771,2/19/2020,29,487.0,0
1772,2/19/2020,29,487.0,0
1773,2/19/2020,29,471.0,0
1774,2/19/2020,29,487.0,0
1775,2/19/2020,29,487.0,0
1776,2/19/2020,29,471.0,0
1777,2/19/2020,29,470.0,0
1778,2/19/2020,29,470.0,0
1779,2/19/2020,29,471.0,0
1780,2/19/2020,29,470.0,0
1781,2/19/2020,29,471.0,0
1782,2/19/2020,29,487.0,0
1783,2/19/2020,29,470.0,0
1784,2/19/2020,29,470.0,0
1785,2/19/2020,29,487.0,0
1786,2/19/2020,29,487.0,0
1787,2/19/2020,29,487.0,0
1788,2/19/2020,29,487.0,0
1789,2/19/2020,29,470.0,0
1790,2/19/2020,29,486.0,0
1791,2/19/2020,29,486.0,0
1792,2/19/2020,29,487.0,0
1793,2/19/2020,29,470.0,0
1794,2/19/2020,29,486.0,0
1795,2/19/2020,29,487.0,0
1796,2/19/2020,29,470.0,0
1797,2/19/2020,29,486.0,0
1798,2/19/2020,29,470.0,0
1799,2/19/2020,29,486.0,0
1800,2/19/2020,29,470.0,0
1801,2/19/2020,29,486.0,0
1802,2/19/2020,29,486.0,0
1803,2/19/2020,29,486.0,0
1804,2/19/2020,29,469.0,0
1805,2/19/2020,29,486.0,0
1806,2/19/2020,29,470.0,0
1807,2/19/2020,29,486.0,0
1808,2/19/2020,29,486.0,0
1809,2/19/2020,29,486.0,0
1810,2/19/2020,29,486.0,0
1811,2/19/2020,29,469.0,0
1812,2/19/2020,29,469.0,0
1813,2/19/2020,29,485.0,0
1814,2/19/2020,29,486.0,0
1815,2/19/2020,29,468.0,0
1816,2/19/2020,29,469.0,0
1817,2/19/2020,29,485.0,0
1818,2/19/2020,28,468.0,0
1819,2/19/2020,29,469.0,0
1820,2/19/2020,29,469.0,0
1821,2/19/2020,29,468.0,0
1822,2/19/2020,29,485.0,0
1823,2/19/2020,29,484.0,0
1824,2/19/2020,29,466.0,0
1825,2/19/2020,29,466.0,0
1826,2/19/2020,29,484.0,0
1827,2/19/2020,29,484.0,0
1828,2/19/2020,29,466.0,0
1829,2/19/2020,29,468.0,0
1830,2/19/2020,29,484.0,0
1831,2/19/2020,29,484.0,0
1832,2/19/2020,29,468.0,0
1833,2/19/2020,29,485.0,0
1834,2/19/2020,29,484.0,0
1835,2/19/2020,29,468.0,0
1836,2/19/2020,29,466.0,0
1837,2/19/2020,29,484.0,0
1838,2/19/2020,29,466.0,0
1839,2/19/2020,29,484.0,0
1840,2/19/2020,29,484.0,0
1841,2/19/2020,29,468.0,0
1842,2/19/2020,29,466.0,0
1843,2/19/2020,29,466.0,0
1844,2/19/2020,29,466.0,0
1845,2/19/2020,29,466.0,0
1846,2/19/2020,29,466.0,0
1847,2/19/2020,29,484.0,0
1848,2/19/2020,29,466.0,0
1849,2/19/2020,29,468.0,0
1850,2/19/2020,29,466.0,0
1851,2/19/2020,29,468.0,0
1852,2/19/2020,29,484.0,0
1853,2/19/2020,29,466.0,0
1854,2/19/2020,29,466.0,0
1855,2/19/2020,29,468.0,0
1856,2/19/2020,29,468.0,0
1857,2/19/2020,29,468.0,0
1858,2/19/2020,29,484.0,0
1859,2/19/2020,29,466.0,0
1860,2/19/2020,29,466.0,0
1861,2/19/2020,29,466.0,0
1862,2/19/2020,29,466.0,0
1863,2/19/2020,29,466.0,0
1864,2/19/2020,29,484.0,0
1865,2/19/2020,29,466.0,0
1866,2/19/2020,29,466.0,0
1867,2/19/2020,29,465.0,0
1868,2/19/2020,29,465.0,0
1869,2/19/2020,29,465.0,0
1870,2/19/2020,29,466.0,0
1871,2/19/2020,29,466.0,0
1872,2/19/2020,29,465.0,0
1873,2/19/2020,29,466.0,0
1874,2/19/2020,29,483.0,0
1875,2/19/2020,29,466.0,0
1876,2/19/2020,29,465.0,0
1877,2/19/2020,29,483.0,0
1878,2/19/2020,29,466.0,0
1879,2/19/2020,29,466.0,0
1880,2/19/2020,29,483.0,0
1881,2/19/2020,29,466.0,0
1882,2/19/2020,29,465.0,0
1883,2/19/2020,29,466.0,0
1884,2/19/2020,29,465.0,0
1885,2/19/2020,29,465.0,0
1886,2/19/2020,29,465.0,0
1887,2/19/2020,29,483.0,0
1888,2/19/2020,29,466.0,0
1889,2/19/2020,29,465.0,0
1890,2/19/2020,29,483.0,0
1891,2/19/2020,29,465.0,0
1892,2/19/2020,29,465.0,0
1893,2/19/2020,29,482.0,0
1894,2/19/2020,29,465.0,0
1895,2/19/2020,29,465.0,0
1896,2/19/2020,29,465.0,0
1897,2/19/2020,29,465.0,0
1898,2/19/2020,29,465.0,0
1899,2/19/2020,29,465.0,0
1900,2/19/2020,29,466.0,0
1901,2/19/2020,29,482.0,0
1902,2/19/2020,29,466.0,0
1903,2/19/2020,29,465.0,0
1904,2/19/2020,29,466.0,0
1905,2/19/2020,29,482.0,0
1906,2/19/2020,29,466.0,0
1907,2/19/2020,29,482.0,0
1908,2/19/2020,29,466.0,0
1909,2/19/2020,29,466.0,0
1910,2/19/2020,29,466.0,0
1911,2/19/2020,29,482.0,0
1912,2/19/2020,29,466.0,0
1913,2/19/2020,29,466.0,0
1914,2/19/2020,29,466.0,0
1915,2/19/2020,29,482.0,0
1916,2/19/2020,29,466.0,0
1917,2/19/2020,29,466.0,0
1918,2/19/2020,29,483.0,0
1919,2/19/2020,29,482.0,0
1920,2/19/2020,29,466.0,0
1921,2/19/2020,29,466.0,0
1922,2/19/2020,29,466.0,0
1923,2/19/2020,29,483.0,0
1924,2/19/2020,29,466.0,0
1925,2/19/2020,29,466.0,0
1926,2/19/2020,29,466.0,0
1927,2/19/2020,29,483.0,0
1928,2/19/2020,29,483.0,0
1929,2/19/2020,29,466.0,0
1930,2/19/2020,29,482.0,0
1931,2/19/2020,29,482.0,0
1932,2/19/2020,29,482.0,0
1933,2/19/2020,29,483.0,0
1934,2/19/2020,29,482.0,0
1935,2/19/2020,29,465.0,0
1936,2/19/2020,29,465.0,0
1937,2/19/2020,29,482.0,0
1938,2/19/2020,29,465.0,0
1939,2/19/2020,29,482.0,0
1940,2/19/2020,29,465.0,0
1941,2/19/2020,29,481.0,0
1942,2/19/2020,29,465.0,0
1943,2/19/2020,29,481.0,0
1944,2/19/2020,29,466.0,0
1945,2/19/2020,29,481.0,0
1946,2/19/2020,29,482.0,0
1947,2/19/2020,29,481.0,0
1948,2/19/2020,29,465.0,0
1949,2/19/2020,29,465.0,0
1950,2/19/2020,29,465.0,0
1951,2/19/2020,29,465.0,0
1952,2/19/2020,29,465.0,0
1953,2/19/2020,29,465.0,0
1954,2/19/2020,29,465.0,0
1955,2/19/2020,28,466.0,0
1956,2/19/2020,29,465.0,0
1957,2/19/2020,29,465.0,0
1958,2/19/2020,28,481.0,0
1959,2/19/2020,29,481.0,0
1960,2/19/2020,29,465.0,0
1961,2/19/2020,29,481.0,0
1962,2/19/2020,29,481.0,0
1963,2/19/2020,29,481.0,0
1964,2/19/2020,29,462.0,0
1965,2/19/2020,29,495.0,0
1966,2/19/2020,29,496.0,0
1967,2/19/2020,29,496.0,0
1968,2/19/2020,29,496.0,0
1969,2/19/2020,29,480.0,0
1970,2/19/2020,29,496.0,0
1971,2/19/2020,29,496.0,0
1972,2/19/2020,29,496.0,0
1973,2/19/2020,29,496.0,0
1974,2/19/2020,29,497.0,0
1975,2/19/2020,29,496.0,0
1976,2/19/2020,29,497.0,0
1977,2/19/2020,29,497.0,0
1978,2/19/2020,29,497.0,0
1979,2/19/2020,29,497.0,0
1980,2/19/2020,28,497.0,0
1981,2/19/2020,28,481.0,0
1982,2/19/2020,29,497.0,0
1983,2/19/2020,28,497.0,0
1984,2/19/2020,28,481.0,0
1985,2/19/2020,28,497.0,0
1986,2/19/2020,29,497.0,0
1987,2/19/2020,28,497.0,0
1988,2/19/2020,28,481.0,0
1989,2/19/2020,28,497.0,0
1990,2/19/2020,28,497.0,0
1991,2/19/2020,29,481.0,0
1992,2/19/2020,28,497.0,0
1993,2/19/2020,29,497.0,0
1994,2/19/2020,29,480.0,0
1995,2/19/2020,29,497.0,0
1996,2/19/2020,29,497.0,0
1997,2/19/2020,29,480.0,0
1998,2/19/2020,29,497.0,0
1999,2/19/2020,29,497.0,0
2000,2/19/2020,29,497.0,0
2001,2/19/2020,29,480.0,0
2002,2/19/2020,29,497.0,0
2003,2/19/2020,29,497.0,0
2004,2/19/2020,29,497.0,0
2005,2/19/2020,29,497.0,0
2006,2/19/2020,29,497.0,0
2007,2/19/2020,29,498.0,0
2008,2/19/2020,29,497.0,0
2009,2/19/2020,29,497.0,0
2010,2/19/2020,29,481.0,0
2011,2/19/2020,29,498.0,0
2012,2/19/2020,29,498.0,0
2013,2/19/2020,29,481.0,0
2014,2/19/2020,29,498.0,0
2015,2/19/2020,29,498.0,0
2016,2/19/2020,29,497.0,0
2017,2/19/2020,29,480.0,0
2018,2/19/2020,29,480.0,0
2019,2/19/2020,29,480.0,0
2020,2/19/2020,29,480.0,0
2021,2/19/2020,29,497.0,0
2022,2/19/2020,29,497.0,0
2023,2/19/2020,29,497.0,0
2024,2/19/2020,29,497.0,0
2025,2/19/2020,29,497.0,0
2026,2/19/2020,29,497.0,0
2027,2/19/2020,29,481.0,0
2028,2/19/2020,29,497.0,0
2029,2/19/2020,29,497.0,0
2030,2/19/2020,29,497.0,0
2031,2/19/2020,29,497.0,0
2032,2/19/2020,29,497.0,0
2033,2/19/2020,29,497.0,0
2034,2/19/2020,29,497.0,0
2035,2/19/2020,29,497.0,0
2036,2/19/2020,29,497.0,0
2037,2/19/2020,29,481.0,0
2038,2/19/2020,29,497.0,0
2039,2/19/2020,29,497.0,0
2040,2/19/2020,29,481.0,0
2041,2/19/2020,29,498.0,0
2042,2/19/2020,29,497.0,0
2043,2/19/2020,29,497.0,0
2044,2/19/2020,29,498.0,0
2045,2/19/2020,29,497.0,0
2046,2/19/2020,29,481.0,0
2047,2/19/2020,29,497.0,0
2048,2/19/2020,29,497.0,0
2049,2/19/2020,29,481.0,0
2050,2/19/2020,29,497.0,0
2051,2/19/2020,29,481.0,0
2052,2/19/2020,29,497.0,0
2053,2/19/2020,29,481.0,0
2054,2/19/2020,29,497.0,0
2055,2/19/2020,29,498.0,0
2056,2/19/2020,29,498.0,0
2057,2/19/2020,29,497.0,0
2058,2/19/2020,29,498.0,0
2059,2/19/2020,29,498.0,0
2060,2/19/2020,29,497.0,0
2061,2/19/2020,29,498.0,0
2062,2/19/2020,29,481.0,0
2063,2/19/2020,29,481.0,0
2064,2/19/2020,29,481.0,0
2065,2/19/2020,29,481.0,0
2066,2/19/2020,29,481.0,0
2067,2/19/2020,29,481.0,0
2068,2/19/2020,29,498.0,0
2069,2/19/2020,29,481.0,0
2070,2/19/2020,29,498.0,0
2071,2/19/2020,29,498.0,0
2072,2/19/2020,29,498.0,0
2073,2/19/2020,29,498.0,0
2074,2/19/2020,29,498.0,0
2075,2/19/2020,29,497.0,0
2076,2/19/2020,29,498.0,0
2077,2/19/2020,29,498.0,0
2078,2/19/2020,29,498.0,0
2079,2/19/2020,29,497.0,0
2080,2/19/2020,29,497.0,0
2081,2/19/2020,29,497.0,0
2082,2/19/2020,29,498.0,0
2083,2/19/2020,29,498.0,0
2084,2/19/2020,29,498.0,0
2085,2/19/2020,29,498.0,0
2086,2/19/2020,29,498.0,0
2087,2/19/2020,29,498.0,0
2088,2/19/2020,29,482.0,0
2089,2/19/2020,29,481.0,0
2090,2/19/2020,29,481.0,0
2091,2/19/2020,29,497.0,0
2092,2/19/2020,29,497.0,0
2093,2/19/2020,29,482.0,0
2094,2/19/2020,29,498.0,0
2095,2/19/2020,29,498.0,0
2096,2/19/2020,29,498.0,0
2097,2/19/2020,29,499.0,0
2098,2/19/2020,29,498.0,0
2099,2/19/2020,29,498.0,0
2100,2/19/2020,29,498.0,0
2101,2/19/2020,29,498.0,0
2102,2/19/2020,29,498.0,0
2103,2/19/2020,29,499.0,0
2104,2/19/2020,29,498.0,0
2105,2/19/2020,29,498.0,0
2106,2/19/2020,29,498.0,0
2107,2/19/2020,29,497.0,0
2108,2/19/2020,29,482.0,0
2109,2/19/2020,29,481.0,0
2110,2/19/2020,29,498.0,0
2111,2/19/2020,29,498.0,0
2112,2/19/2020,29,498.0,0
2113,2/19/2020,29,498.0,0
2114,2/19/2020,29,482.0,0
2115,2/19/2020,29,498.0,0
2116,2/19/2020,29,498.0,0
2117,2/19/2020,29,498.0,0
2118,2/19/2020,29,499.0,0
2119,2/19/2020,29,498.0,0
2120,2/19/2020,28,498.0,0
2121,2/19/2020,29,498.0,0
2122,2/19/2020,29,498.0,0
2123,2/19/2020,29,499.0,0
2124,2/19/2020,29,499.0,0
2125,2/19/2020,29,498.0,0
2126,2/19/2020,29,498.0,0
2127,2/19/2020,29,498.0,0
2128,2/19/2020,29,498.0,0
2129,2/19/2020,29,483.0,0
2130,2/19/2020,29,483.0,0
2131,2/19/2020,29,499.0,0
2132,2/19/2020,29,499.0,0
2133,2/19/2020,29,482.0,0
2134,2/19/2020,28,498.0,0
2135,2/19/2020,29,483.0,0
2136,2/19/2020,29,499.0,0
2137,2/19/2020,29,498.0,0
2138,2/19/2020,29,499.0,0
2139,2/19/2020,29,499.0,0
2140,2/19/2020,29,498.0,0
2141,2/19/2020,29,499.0,0
2142,2/19/2020,29,499.0,0
2143,2/19/2020,28,499.0,0
2144,2/19/2020,29,499.0,0
2145,2/19/2020,29,498.0,0
2146,2/19/2020,29,498.0,0
2147,2/19/2020,29,498.0,0
2148,2/19/2020,29,497.0,0
2149,2/19/2020,29,476.0,0
2150,2/19/2020,29,476.0,0
2151,2/19/2020,29,498.0,0
2152,2/19/2020,29,499.0,0
2153,2/19/2020,29,499.0,0
2154,2/19/2020,29,498.0,0
2155,2/19/2020,29,480.0,0
2156,2/19/2020,29,481.0,0
2157,2/19/2020,29,481.0,0
2158,2/19/2020,29,499.0,0
2159,2/19/2020,29,499.0,0
2160,2/19/2020,29,499.0,0
2161,2/19/2020,29,499.0,0
2162,2/19/2020,29,499.0,0
2163,2/19/2020,29,500.0,0
2164,2/19/2020,29,500.0,0
2165,2/19/2020,29,483.0,0
2166,2/19/2020,29,500.0,0
2167,2/19/2020,29,500.0,0
2168,2/19/2020,29,483.0,0
2169,2/19/2020,29,497.0,0
2170,2/19/2020,29,498.0,0
2171,2/19/2020,29,478.0,0
2172,2/19/2020,29,500.0,0
2173,2/19/2020,29,483.0,0
2174,2/19/2020,29,500.0,0
2175,2/19/2020,29,500.0,0
2176,2/19/2020,29,500.0,0
2177,2/19/2020,29,500.0,0
2178,2/19/2020,29,483.0,0
2179,2/19/2020,29,501.0,0
2180,2/19/2020,29,500.0,0
2181,2/19/2020,29,500.0,0
2182,2/19/2020,29,483.0,0
2183,2/19/2020,29,500.0,0
2184,2/19/2020,29,500.0,0
2185,2/19/2020,29,501.0,0
2186,2/19/2020,29,476.0,0
2187,2/19/2020,29,476.0,0
2188,2/19/2020,29,476.0,0
2189,2/19/2020,29,477.0,0
2190,2/19/2020,29,499.0,0
2191,2/19/2020,29,499.0,0
2192,2/19/2020,28,499.0,0
2193,2/19/2020,29,502.0,0
2194,2/19/2020,29,502.0,0
2195,2/19/2020,29,502.0,0
2196,2/19/2020,29,486.0,0
2197,2/19/2020,28,502.0,0
2198,2/19/2020,29,502.0,0
2199,2/19/2020,29,502.0,0
2200,2/19/2020,29,502.0,0
2201,2/19/2020,29,502.0,0
2202,2/19/2020,29,486.0,0
2203,2/19/2020,29,502.0,0
2204,2/19/2020,29,486.0,0
2205,2/19/2020,29,504.0,0
2206,2/19/2020,29,502.0,0
2207,2/19/2020,29,486.0,0
2208,2/19/2020,29,502.0,0
2209,2/19/2020,29,502.0,0
2210,2/19/2020,29,502.0,0
2211,2/19/2020,29,504.0,0
2212,2/19/2020,29,504.0,0
2213,2/19/2020,29,504.0,0
2214,2/19/2020,29,504.0,0
2215,2/19/2020,29,504.0,0
2216,2/19/2020,29,505.0,0
2217,2/19/2020,29,487.0,0
2218,2/19/2020,29,505.0,0
2219,2/19/2020,29,504.0,0
2220,2/19/2020,29,487.0,0
2221,2/19/2020,29,505.0,0
2222,2/19/2020,29,505.0,0
2223,2/19/2020,29,505.0,0
2224,2/19/2020,29,505.0,0
2225,2/19/2020,29,506.0,0
2226,2/19/2020,29,506.0,0
2227,2/19/2020,29,506.0,0
2228,2/19/2020,29,506.0,0
2229,2/19/2020,29,506.0,0
2230,2/19/2020,29,505.0,0
2231,2/19/2020,29,506.0,0
2232,2/19/2020,29,506.0,0
2233,2/19/2020,29,489.0,0
2234,2/19/2020,29,507.0,0
2235,2/19/2020,29,506.0,0
2236,2/19/2020,29,507.0,0
2237,2/19/2020,29,507.0,0
2238,2/19/2020,29,506.0,0
2239,2/19/2020,29,489.0,0
2240,2/19/2020,29,507.0,0
2241,2/19/2020,29,506.0,0
2242,2/19/2020,29,507.0,0
2243,2/19/2020,29,507.0,0
2244,2/19/2020,29,507.0,0
2245,2/19/2020,29,507.0,0
2246,2/19/2020,29,507.0,0
2247,2/19/2020,29,490.0,0
2248,2/19/2020,29,490.0,0
2249,2/19/2020,29,490.0,0
2250,2/19/2020,29,507.0,0
2251,2/19/2020,29,508.0,0
2252,2/19/2020,29,507.0,0
2253,2/19/2020,29,507.0,0
2254,2/19/2020,29,507.0,0
2255,2/19/2020,29,508.0,0
2256,2/19/2020,29,508.0,0
2257,2/19/2020,29,508.0,0
2258,2/19/2020,29,508.0,0
2259,2/19/2020,29,507.0,0
2260,2/19/2020,29,507.0,0
2261,2/19/2020,29,507.0,0
2262,2/19/2020,29,508.0,0
2263,2/19/2020,29,508.0,0
2264,2/19/2020,29,508.0,0
2265,2/19/2020,29,490.0,0
2266,2/19/2020,29,508.0,0
2267,2/19/2020,29,508.0,0
2268,2/19/2020,29,508.0,0
2269,2/19/2020,29,508.0,0
2270,2/19/2020,29,508.0,0
2271,2/19/2020,29,509.0,0
2272,2/19/2020,29,509.0,0
2273,2/19/2020,29,509.0,0
2274,2/19/2020,29,495.0,0
2275,2/19/2020,29,494.0,0
2276,2/19/2020,29,509.0,0
2277,2/19/2020,29,509.0,0
2278,2/19/2020,29,494.0,0
2279,2/19/2020,29,494.0,0
2280,2/19/2020,29,494.0,0
2281,2/19/2020,29,495.0,0
2282,2/19/2020,29,495.0,0
2283,2/19/2020,29,495.0,0
2284,2/19/2020,29,495.0,0
2285,2/19/2020,29,511.0,0
2286,2/19/2020,29,510.0,0
2287,2/19/2020,29,511.0,0
2288,2/19/2020,29,511.0,0
2289,2/19/2020,29,511.0,0
2290,2/19/2020,29,512.0,0
2291,2/19/2020,29,512.0,0
2292,2/19/2020,29,512.0,0
2293,2/19/2020,29,512.0,0
2294,2/19/2020,29,512.0,0
2295,2/19/2020,29,513.0,0
2296,2/19/2020,29,513.0,0
2297,2/19/2020,29,513.0,0
2298,2/19/2020,29,514.0,0
2299,2/19/2020,27,513.0,0
2300,2/19/2020,29,514.0,0
2301,2/19/2020,29,514.0,0
2302,2/19/2020,29,514.0,0
2303,2/19/2020,29,498.0,0
2304,2/19/2020,2147483647,497.0,0
2305,2/19/2020,29,498.0,0
2306,2/19/2020,29,514.0,0
2307,2/19/2020,29,498.0,0
2308,2/19/2020,29,514.0,0
2309,2/19/2020,29,514.0,0
2310,2/19/2020,29,498.0,0
2311,2/19/2020,29,516.0,0
2312,2/19/2020,29,516.0,0
2313,2/19/2020,29,499.0,0
2314,2/19/2020,29,516.0,0
2315,2/19/2020,29,516.0,0
2316,2/19/2020,29,516.0,0
2317,2/19/2020,29,516.0,0
2318,2/19/2020,29,516.0,0
2319,2/19/2020,29,516.0,0
2320,2/19/2020,29,516.0,0
2321,2/19/2020,29,516.0,0
2322,2/19/2020,29,500.0,0
2323,2/19/2020,29,517.0,0
2324,2/19/2020,29,500.0,0
2325,2/19/2020,29,500.0,0
2326,2/19/2020,29,500.0,0
2327,2/19/2020,29,517.0,0
2328,2/19/2020,29,517.0,0
2329,2/19/2020,29,500.0,0
2330,2/19/2020,29,501.0,0
2331,2/19/2020,29,501.0,0
2332,2/19/2020,29,501.0,0
2333,2/19/2020,29,501.0,0
2334,2/19/2020,29,501.0,0
2335,2/19/2020,29,519.0,0
2336,2/19/2020,29,518.0,0
2337,2/19/2020,29,518.0,0
2338,2/19/2020,29,518.0,0
2339,2/19/2020,29,519.0,0
2340,2/19/2020,29,504.0,0
2341,2/19/2020,29,520.0,0
2342,2/19/2020,29,521.0,0
2343,2/19/2020,29,521.0,0
2344,2/19/2020,29,499.0,0
2345,2/19/2020,29,492.0,0
2346,2/19/2020,29,492.0,0
2347,2/19/2020,29,508.0,0
2348,2/19/2020,29,493.0,0
2349,2/19/2020,29,494.0,0
2350,2/19/2020,29,494.0,0
2351,2/19/2020,29,511.0,0
2352,2/19/2020,29,496.0,0
2353,2/19/2020,29,512.0,0
2354,2/19/2020,29,496.0,0
2355,2/19/2020,29,497.0,0
2356,2/19/2020,-15,513.0,0
2357,2/19/2020,29,496.0,0
2358,2/19/2020,29,513.0,0
2359,2/19/2020,29,513.0,0
2360,2/19/2020,29,497.0,0
2361,2/19/2020,29,497.0,0
2362,2/19/2020,29,498.0,0
2363,2/19/2020,29,498.0,0
2364,2/19/2020,29,499.0,0
2365,2/19/2020,29,516.0,0
2366,2/19/2020,29,499.0,0
2367,2/19/2020,29,499.0,0
2368,2/19/2020,28,500.0,0
2369,2/19/2020,29,499.0,0
2370,2/19/2020,29,500.0,0
2371,2/19/2020,29,501.0,0
2372,2/19/2020,29,501.0,0
2373,2/19/2020,29,501.0,0
2374,2/19/2020,29,501.0,0
2375,2/19/2020,28,502.0,0
2376,2/19/2020,29,501.0,0
2377,2/19/2020,28,502.0,0
2378,2/19/2020,28,502.0,0
2379,2/19/2020,29,502.0,0
2380,2/19/2020,29,502.0,0
2381,2/19/2020,29,502.0,0
2382,2/19/2020,29,504.0,0
2383,2/19/2020,29,504.0,0
2384,2/19/2020,29,520.0,0
2385,2/19/2020,29,521.0,0
2386,2/19/2020,29,501.0,0
2387,2/19/2020,29,505.0,0
2388,2/19/2020,29,505.0,0
2389,2/19/2020,29,505.0,0
2390,2/19/2020,29,522.0,0
2391,2/19/2020,29,505.0,0
2392,2/19/2020,29,522.0,0
2393,2/19/2020,29,506.0,0
2394,2/19/2020,29,523.0,0
2395,2/19/2020,29,506.0,0
2396,2/19/2020,29,507.0,0
2397,2/19/2020,29,524.0,0
2398,2/19/2020,29,524.0,0
2399,2/19/2020,29,507.0,0
2400,2/19/2020,29,508.0,0
2401,2/19/2020,29,508.0,0
2402,2/19/2020,29,525.0,0
2403,2/19/2020,29,525.0,0
2404,2/19/2020,29,508.0,0
2405,2/19/2020,29,509.0,0
2406,2/19/2020,29,509.0,0
2407,2/19/2020,29,526.0,0
2408,2/19/2020,29,526.0,0
2409,2/19/2020,29,509.0,0
2410,2/19/2020,28,509.0,0
2411,2/19/2020,29,509.0,0
2412,2/19/2020,29,526.0,0
2413,2/19/2020,29,510.0,0
2414,2/19/2020,29,528.0,0
2415,2/19/2020,29,511.0,0
2416,2/19/2020,29,528.0,0
2417,2/19/2020,29,528.0,0
2418,2/19/2020,29,512.0,0
2419,2/19/2020,29,512.0,0
2420,2/19/2020,29,529.0,0
2421,2/19/2020,29,530.0,0
2422,2/19/2020,29,513.0,0
2423,2/19/2020,29,530.0,0
2424,2/19/2020,29,513.0,0
2425,2/19/2020,29,513.0,0
2426,2/19/2020,29,513.0,0
2427,2/19/2020,29,514.0,0
2428,2/19/2020,29,514.0,0
2429,2/19/2020,29,514.0,0
2430,2/19/2020,29,514.0,0
2431,2/19/2020,29,513.0,0
2432,2/19/2020,29,514.0,0
2433,2/19/2020,29,516.0,0
2434,2/19/2020,29,516.0,0
2435,2/19/2020,29,516.0,0
2436,2/19/2020,29,533.0,0
2437,2/19/2020,29,517.0,0
2438,2/19/2020,29,517.0,0
2439,2/19/2020,29,517.0,0
2440,2/19/2020,29,517.0,0
2441,2/19/2020,29,518.0,0
2442,2/19/2020,29,518.0,0
2443,2/19/2020,29,535.0,0
2444,2/19/2020,29,519.0,0
2445,2/19/2020,29,519.0,0
2446,2/19/2020,29,519.0,0
2447,2/19/2020,29,519.0,0
2448,2/19/2020,29,520.0,0
2449,2/19/2020,29,519.0,0
2450,2/19/2020,29,536.0,0
2451,2/19/2020,29,536.0,0
2452,2/19/2020,29,520.0,0
2453,2/19/2020,29,520.0,0
2454,2/19/2020,29,520.0,0
2455,2/19/2020,29,520.0,0
2456,2/19/2020,29,521.0,0
2457,2/19/2020,29,522.0,0
2458,2/19/2020,29,522.0,0
2459,2/19/2020,29,520.0,0
2460,2/19/2020,29,521.0,0
2461,2/19/2020,29,522.0,0
2462,2/19/2020,29,522.0,0
2463,2/19/2020,29,522.0,0
2464,2/19/2020,29,522.0,0
2465,2/19/2020,29,541.0,0
2466,2/19/2020,29,541.0,0
2467,2/19/2020,29,541.0,0
2468,2/19/2020,29,523.0,0
2469,2/19/2020,29,524.0,0
2470,2/19/2020,29,523.0,0
2471,2/19/2020,29,525.0,0
2472,2/19/2020,29,542.0,0
2473,2/19/2020,29,525.0,0
2474,2/19/2020,29,543.0,0
2475,2/19/2020,29,526.0,0
2476,2/19/2020,29,526.0,0
2477,2/19/2020,29,526.0,0
2478,2/19/2020,29,528.0,0
2479,2/19/2020,29,526.0,0
2480,2/19/2020,29,528.0,0
2481,2/19/2020,29,528.0,0
2482,2/19/2020,29,528.0,0
2483,2/19/2020,28,528.0,0
2484,2/19/2020,29,528.0,0
2485,2/19/2020,28,528.0,0
2486,2/19/2020,28,545.0,0
2487,2/19/2020,28,529.0,0
2488,2/19/2020,28,545.0,0
2489,2/19/2020,28,529.0,0
2490,2/19/2020,28,546.0,0
2491,2/19/2020,28,546.0,0
2492,2/19/2020,28,545.0,0
2493,2/19/2020,28,529.0,0
2494,2/19/2020,28,546.0,0
2495,2/19/2020,28,530.0,0
2496,2/19/2020,28,531.0,0
2497,2/19/2020,28,546.0,0
2498,2/19/2020,28,531.0,0
2499,2/19/2020,28,531.0,0
2500,2/19/2020,28,531.0,0
2501,2/19/2020,28,532.0,0
2502,2/19/2020,28,532.0,0
2503,2/19/2020,28,532.0,0
2504,2/19/2020,28,532.0,0
2505,2/19/2020,28,547.0,0
2506,2/19/2020,28,532.0,0
2507,2/19/2020,28,547.0,0
2508,2/19/2020,28,532.0,0
2509,2/19/2020,28,547.0,0
2510,2/19/2020,29,547.0,0
2511,2/19/2020,28,548.0,0
2512,2/19/2020,28,533.0,0
2513,2/19/2020,29,549.0,0
2514,2/19/2020,29,534.0,0
2515,2/19/2020,29,549.0,0
2516,2/19/2020,29,549.0,0
2517,2/19/2020,28,534.0,0
2518,2/19/2020,29,550.0,0
2519,2/19/2020,29,533.0,0
2520,2/19/2020,29,534.0,0
2521,2/19/2020,29,534.0,0
2522,2/19/2020,29,535.0,0
2523,2/19/2020,29,552.0,0
2524,2/19/2020,29,534.0,0
2525,2/19/2020,29,535.0,0
2526,2/19/2020,29,535.0,0
2527,2/19/2020,29,535.0,0
2528,2/19/2020,29,535.0,0
2529,2/19/2020,29,535.0,0
2530,2/19/2020,29,535.0,0
2531,2/19/2020,29,535.0,0
2532,2/19/2020,29,536.0,0
2533,2/19/2020,29,536.0,0
2534,2/19/2020,29,536.0,0
2535,2/19/2020,28,553.0,0
2536,2/19/2020,29,536.0,0
2537,2/19/2020,29,536.0,0
2538,2/19/2020,29,536.0,0
2539,2/19/2020,29,537.0,0
2540,2/19/2020,29,537.0,0
2541,2/19/2020,29,537.0,0
2542,2/19/2020,29,537.0,0
2543,2/19/2020,29,538.0,0
2544,2/19/2020,28,555.0,0
2545,2/19/2020,28,554.0,0
2546,2/19/2020,28,537.0,0
2547,2/19/2020,28,555.0,0
2548,2/19/2020,28,555.0,0
2549,2/19/2020,28,537.0,0
2550,2/19/2020,28,537.0,0
2551,2/19/2020,28,555.0,0
2552,2/19/2020,28,537.0,0
2553,2/19/2020,28,537.0,0
2554,2/19/2020,28,537.0,0
2555,2/19/2020,28,537.0,0
2556,2/19/2020,28,554.0,0
2557,2/19/2020,28,537.0,0
2558,2/19/2020,28,537.0,0
2559,2/19/2020,28,538.0,0
2560,2/19/2020,28,538.0,0
2561,2/19/2020,28,537.0,0
2562,2/19/2020,28,540.0,0
2563,2/19/2020,28,540.0,0
2564,2/19/2020,28,538.0,0
2565,2/19/2020,28,540.0,0
2566,2/19/2020,28,540.0,0
2567,2/19/2020,28,538.0,0
2568,2/19/2020,28,540.0,0
2569,2/19/2020,28,540.0,0
2570,2/19/2020,28,540.0,0
2571,2/19/2020,14,556.0,0
2572,2/19/2020,28,541.0,0
2573,2/19/2020,28,556.0,0
2574,2/19/2020,28,556.0,0
2575,2/19/2020,28,556.0,0
2576,2/19/2020,28,541.0,0
2577,2/19/2020,28,556.0,0
2578,2/19/2020,28,540.0,0
2579,2/19/2020,29,540.0,0
2580,2/19/2020,28,541.0,0
2581,2/19/2020,28,541.0,0
2582,2/19/2020,28,542.0,0
2583,2/19/2020,28,557.0,0
2584,2/19/2020,28,542.0,0
2585,2/19/2020,28,557.0,0
2586,2/19/2020,28,542.0,0
2587,2/19/2020,28,542.0,0
2588,2/19/2020,28,541.0,0
2589,2/19/2020,28,556.0,0
2590,2/19/2020,28,541.0,0
2591,2/19/2020,28,556.0,0
2592,2/19/2020,28,556.0,0
2593,2/19/2020,28,556.0,0
2594,2/19/2020,28,556.0,0
2595,2/19/2020,28,541.0,0
2596,2/19/2020,28,540.0,0
2597,2/19/2020,29,540.0,0
2598,2/19/2020,28,540.0,0
2599,2/19/2020,28,540.0,0
2600,2/19/2020,28,555.0,0
2601,2/19/2020,29,540.0,0
2602,2/19/2020,29,540.0,0
2603,2/19/2020,28,541.0,0
2604,2/19/2020,28,540.0,0
2605,2/19/2020,29,540.0,0
2606,2/19/2020,28,540.0,0
2607,2/19/2020,29,541.0,0
2608,2/19/2020,28,556.0,0
2609,2/19/2020,29,556.0,0
2610,2/19/2020,29,556.0,0
2611,2/19/2020,29,557.0,0
2612,2/19/2020,29,541.0,0
2613,2/19/2020,28,541.0,0
2614,2/19/2020,28,541.0,0
2615,2/19/2020,29,541.0,0
2616,2/19/2020,28,541.0,0
2617,2/19/2020,28,556.0,0
2618,2/19/2020,28,542.0,0
2619,2/19/2020,28,557.0,0
2620,2/19/2020,29,557.0,0
2621,2/19/2020,28,557.0,0
2622,2/19/2020,28,558.0,0
2623,2/19/2020,28,542.0,0
2624,2/19/2020,28,557.0,0
2625,2/19/2020,28,557.0,0
2626,2/19/2020,28,558.0,0
2627,2/19/2020,28,557.0,0
2628,2/19/2020,28,556.0,0
2629,2/19/2020,28,542.0,0
2630,2/19/2020,28,558.0,0
2631,2/19/2020,28,542.0,0
2632,2/19/2020,28,558.0,0
2633,2/19/2020,28,557.0,0
2634,2/19/2020,28,542.0,0
2635,2/19/2020,28,543.0,0
2636,2/19/2020,28,558.0,0
2637,2/19/2020,28,558.0,0
2638,2/19/2020,28,558.0,0
2639,2/19/2020,28,558.0,0
2640,2/19/2020,28,542.0,0
2641,2/19/2020,28,542.0,0
2642,2/19/2020,28,542.0,0
2643,2/19/2020,28,542.0,0
2644,2/19/2020,28,542.0,0
2645,2/19/2020,29,542.0,0
2646,2/19/2020,28,542.0,0
2647,2/19/2020,29,559.0,0
2648,2/19/2020,28,559.0,0
2649,2/19/2020,29,542.0,0
2650,2/19/2020,28,542.0,0
2651,2/19/2020,28,558.0,0
2652,2/19/2020,28,558.0,0
2653,2/19/2020,29,542.0,0
2654,2/19/2020,29,541.0,0
2655,2/19/2020,29,542.0,0
2656,2/19/2020,29,542.0,0
2657,2/19/2020,29,558.0,0
2658,2/19/2020,29,558.0,0
2659,2/19/2020,29,542.0,0
2660,2/19/2020,29,542.0,0
2661,2/19/2020,28,557.0,0
2662,2/19/2020,29,542.0,0
2663,2/19/2020,28,542.0,0
2664,2/19/2020,29,558.0,0
2665,2/19/2020,29,558.0,0
2666,2/19/2020,29,543.0,0
2667,2/19/2020,29,558.0,0
2668,2/19/2020,29,558.0,0
2669,2/19/2020,29,542.0,0
2670,2/19/2020,29,542.0,0
2671,2/19/2020,28,557.0,0
2672,2/19/2020,29,542.0,0
2673,2/19/2020,29,557.0,0
2674,2/19/2020,29,542.0,0
2675,2/19/2020,29,542.0,0
2676,2/19/2020,28,542.0,0
2677,2/19/2020,28,557.0,0
2678,2/19/2020,28,542.0,0
2679,2/19/2020,28,542.0,0
2680,2/19/2020,28,542.0,0
2681,2/19/2020,29,558.0,0
2682,2/19/2020,29,543.0,0
2683,2/19/2020,29,543.0,0
2684,2/19/2020,29,543.0,0
2685,2/19/2020,28,543.0,0
2686,2/19/2020,29,542.0,0
2687,2/19/2020,28,558.0,0
2688,2/19/2020,28,559.0,0
2689,2/19/2020,28,556.0,0
2690,2/19/2020,28,543.0,0
2691,2/19/2020,28,543.0,0
2692,2/19/2020,28,543.0,0
2693,2/19/2020,29,543.0,0
2694,2/19/2020,28,559.0,0
2695,2/19/2020,28,559.0,0
2696,2/19/2020,29,543.0,0
2697,2/19/2020,29,543.0,0
2698,2/19/2020,29,559.0,0
2699,2/19/2020,29,543.0,0
2700,2/19/2020,29,559.0,0
2701,2/19/2020,28,543.0,0
2702,2/19/2020,29,559.0,0
2703,2/19/2020,29,542.0,0
2704,2/19/2020,29,543.0,0
2705,2/19/2020,29,559.0,0
2706,2/19/2020,29,543.0,0
